Entity,Code,Year,Working hours per worker
Argentina,ARG,1972,1999.3278
Argentina,ARG,1973,1996
Argentina,ARG,1974,1992.8422
Argentina,ARG,1975,1989.6893
Argentina,ARG,1976,1986.5415
Argentina,ARG,1977,1983.3987
Argentina,ARG,1978,1980.2609
Argentina,ARG,1979,1977.1279
Argentina,ARG,1980,1974
Argentina,ARG,1981,1961.2301
Argentina,ARG,1982,1948.5427
Argentina,ARG,1983,1935.9375
Argentina,ARG,1984,1923.4137
Argentina,ARG,1985,1910.9711
Argentina,ARG,1986,1898.6089
Argentina,ARG,1987,1886.3267
Argentina,ARG,1988,1874.1238
Argentina,ARG,1989,1862
Argentina,ARG,1990,1850
Argentina,ARG,1991,1837.9608
Argentina,ARG,1992,1826
Argentina,ARG,1993,1850.3378
Argentina,ARG,1994,1875
Argentina,ARG,1995,1881.9612
Argentina,ARG,1996,1888.9481
Argentina,ARG,1997,1895.961
Argentina,ARG,1998,1903
Argentina,ARG,1999,1887.285
Argentina,ARG,2000,1862.1362
Argentina,ARG,2001,1811.1526
Argentina,ARG,2002,1710.0365
Argentina,ARG,2003,1713.5746
Argentina,ARG,2004,1743.3999
Argentina,ARG,2005,1771.6785
Argentina,ARG,2006,1775.9203
Argentina,ARG,2007,1787.5447
Argentina,ARG,2008,1789.765
Argentina,ARG,2009,1751.6228
Argentina,ARG,2010,1760.2247
Argentina,ARG,2011,1760.2303
Argentina,ARG,2012,1736.1034
Argentina,ARG,2013,1725.8735
Argentina,ARG,2014,1705.4283
Argentina,ARG,2015,1703.4685
Argentina,ARG,2016,1646.5126
Argentina,ARG,2017,1648.8129
Argentina,ARG,2018,1638.4401
Argentina,ARG,2019,1609.069
Australia,AUS,1870,2792
Australia,AUS,1880,2647
Australia,AUS,1890,2501
Australia,AUS,1900,2385
Australia,AUS,1913,2214
Australia,AUS,1929,2186
Australia,AUS,1938,2109
Australia,AUS,1950,2170.9233
Australia,AUS,1951,2150.847
Australia,AUS,1952,2130.956
Australia,AUS,1953,2111.2493
Australia,AUS,1954,2091.7246
Australia,AUS,1955,2072.3806
Australia,AUS,1956,2053.2153
Australia,AUS,1957,2034.2275
Australia,AUS,1958,2015.4152
Australia,AUS,1959,1996.7769
Australia,AUS,1960,1978.3108
Australia,AUS,1961,1974.6611
Australia,AUS,1962,1971.0183
Australia,AUS,1963,1967.3821
Australia,AUS,1964,1963.7526
Australia,AUS,1965,1960.1299
Australia,AUS,1966,1956.5138
Australia,AUS,1967,1952.9043
Australia,AUS,1968,1949.3015
Australia,AUS,1969,1945.7054
Australia,AUS,1970,1942.116
Australia,AUS,1971,1923.4795
Australia,AUS,1972,1903.1487
Australia,AUS,1973,1889.8066
Australia,AUS,1974,1907.0665
Australia,AUS,1975,1893.8304
Australia,AUS,1976,1904.2075
Australia,AUS,1977,1906.0077
Australia,AUS,1978,1906.8549
Australia,AUS,1979,1912.2551
Australia,AUS,1980,1909.7628
Australia,AUS,1981,1894.8094
Australia,AUS,1982,1870.6583
Australia,AUS,1983,1857.0142
Australia,AUS,1984,1878.1584
Australia,AUS,1985,1869.2603
Australia,AUS,1986,1873.8745
Australia,AUS,1987,1871.6334
Australia,AUS,1988,1867.8535
Australia,AUS,1989,1877.7809
Australia,AUS,1990,1863.9597
Australia,AUS,1991,1850.485
Australia,AUS,1992,1846.5441
Australia,AUS,1993,1863.7845
Australia,AUS,1994,1869.9487
Australia,AUS,1995,1870.3296
Australia,AUS,1996,1863.823
Australia,AUS,1997,1861.0985
Australia,AUS,1998,1846.6295
Australia,AUS,1999,1848.475
Australia,AUS,2000,1847.4801
Australia,AUS,2001,1814.1289
Australia,AUS,2002,1808.1211
Australia,AUS,2003,1801.5743
Australia,AUS,2004,1799.3641
Australia,AUS,2005,1797.0736
Australia,AUS,2006,1786.9062
Australia,AUS,2007,1786.252
Australia,AUS,2008,1786.4766
Australia,AUS,2009,1757.9604
Australia,AUS,2010,1763.3228
Australia,AUS,2011,1765.2896
Australia,AUS,2012,1757.2185
Australia,AUS,2013,1756.2897
Australia,AUS,2014,1746.4962
Australia,AUS,2015,1746.4835
Australia,AUS,2016,1736.081
Australia,AUS,2017,1736.8003
Australia,AUS,2018,1729.342
Australia,AUS,2019,1726.7976
Austria,AUT,1950,2085.6694
Austria,AUT,1951,2083.0156
Austria,AUT,1952,2080.3652
Austria,AUT,1953,2077.718
Austria,AUT,1954,2075.0742
Austria,AUT,1955,2072.4338
Austria,AUT,1956,2069.7966
Austria,AUT,1957,2067.163
Austria,AUT,1958,2064.5327
Austria,AUT,1959,2061.9058
Austria,AUT,1960,2059.282
Austria,AUT,1961,2046.6298
Austria,AUT,1962,2034.0552
Austria,AUT,1963,2021.558
Austria,AUT,1964,2009.1375
Austria,AUT,1965,1996.7932
Austria,AUT,1966,1984.5249
Austria,AUT,1967,1972.3319
Austria,AUT,1968,1960.2139
Austria,AUT,1969,1948.1703
Austria,AUT,1970,1890.1375
Austria,AUT,1971,1885.288
Austria,AUT,1972,1905.7499
Austria,AUT,1973,1900.7313
Austria,AUT,1974,1978.6625
Austria,AUT,1975,1903.9717
Austria,AUT,1976,1898.0424
Austria,AUT,1977,1904.7831
Austria,AUT,1978,1844.0676
Austria,AUT,1979,1876.6804
Austria,AUT,1980,1881.0354
Austria,AUT,1981,1819.1412
Austria,AUT,1982,1835.1189
Austria,AUT,1983,1829.9122
Austria,AUT,1984,1825.9255
Austria,AUT,1985,1821.5303
Austria,AUT,1986,1820.7109
Austria,AUT,1987,1808.7163
Austria,AUT,1988,1812.1312
Austria,AUT,1989,1825.2433
Austria,AUT,1990,1826.0298
Austria,AUT,1991,1836.4442
Austria,AUT,1992,1804.9314
Austria,AUT,1993,1802.2981
Austria,AUT,1994,1800.5381
Austria,AUT,1995,1774.4364
Austria,AUT,1996,1807.2706
Austria,AUT,1997,1815.692
Austria,AUT,1998,1794.0305
Austria,AUT,1999,1797.9713
Austria,AUT,2000,1798.4323
Austria,AUT,2001,1785.4202
Austria,AUT,2002,1782.8479
Austria,AUT,2003,1773.9779
Austria,AUT,2004,1776.4658
Austria,AUT,2005,1752.4894
Austria,AUT,2006,1735.6696
Austria,AUT,2007,1724.7792
Austria,AUT,2008,1717.1951
Austria,AUT,2009,1673.0751
Austria,AUT,2010,1665.8439
Austria,AUT,2011,1671.6877
Austria,AUT,2012,1647.8529
Austria,AUT,2013,1632.0676
Austria,AUT,2014,1621.5658
Austria,AUT,2015,1605.2805
Austria,AUT,2016,1618.2108
Austria,AUT,2017,1608.1809
Austria,AUT,2018,1612.6927
Austria,AUT,2019,1611.3743
Bangladesh,BGD,1970,2520.86
Bangladesh,BGD,1971,2522.0146
Bangladesh,BGD,1972,2522.9
Bangladesh,BGD,1973,2523.4087
Bangladesh,BGD,1974,2523.705
Bangladesh,BGD,1975,2523.755
Bangladesh,BGD,1976,2522.58
Bangladesh,BGD,1977,2521.4927
Bangladesh,BGD,1978,2520.5725
Bangladesh,BGD,1979,2519.8289
Bangladesh,BGD,1980,2519.2603
Bangladesh,BGD,1981,2519.0798
Bangladesh,BGD,1982,2522.7944
Bangladesh,BGD,1983,2526.398
Bangladesh,BGD,1984,2529.8147
Bangladesh,BGD,1985,2485.5732
Bangladesh,BGD,1986,2442.245
Bangladesh,BGD,1987,2400.8552
Bangladesh,BGD,1988,2360.1934
Bangladesh,BGD,1989,2319.6323
Bangladesh,BGD,1990,2413.8335
Bangladesh,BGD,1991,2507.7632
Bangladesh,BGD,1992,2512.3062
Bangladesh,BGD,1993,2517.2378
Bangladesh,BGD,1994,2522.5781
Bangladesh,BGD,1995,2528.3394
Bangladesh,BGD,1996,2535.1077
Bangladesh,BGD,1997,2541.368
Bangladesh,BGD,1998,2547.8
Bangladesh,BGD,1999,2554.3582
Bangladesh,BGD,2000,2560.8271
Bangladesh,BGD,2001,2561.9287
Bangladesh,BGD,2002,2563.5498
Bangladesh,BGD,2003,2565.5776
Bangladesh,BGD,2004,2576.8167
Bangladesh,BGD,2005,2587.2727
Bangladesh,BGD,2006,2597.6511
Bangladesh,BGD,2007,2591.9429
Bangladesh,BGD,2008,2586.7205
Bangladesh,BGD,2009,2581.9487
Bangladesh,BGD,2010,2577.616
Bangladesh,BGD,2011,2491.95
Bangladesh,BGD,2012,2405.7834
Bangladesh,BGD,2013,2319.5667
Bangladesh,BGD,2014,2366.9434
Bangladesh,BGD,2015,2418.7507
Bangladesh,BGD,2016,2473.509
Bangladesh,BGD,2017,2418.8828
Bangladesh,BGD,2018,2418.8828
Bangladesh,BGD,2019,2418.8828
Belgium,BEL,1870,3483
Belgium,BEL,1880,3344
Belgium,BEL,1890,3177
Belgium,BEL,1900,3064
Belgium,BEL,1913,2841
Belgium,BEL,1929,2229
Belgium,BEL,1938,2196
Belgium,BEL,1950,2096.1492
Belgium,BEL,1951,2085.9194
Belgium,BEL,1952,2075.7397
Belgium,BEL,1953,2065.6096
Belgium,BEL,1954,2055.529
Belgium,BEL,1955,2045.4976
Belgium,BEL,1956,2035.5151
Belgium,BEL,1957,2025.5814
Belgium,BEL,1958,2015.6962
Belgium,BEL,1959,2005.8591
Belgium,BEL,1960,1996.0701
Belgium,BEL,1961,1984.2296
Belgium,BEL,1962,1972.4594
Belgium,BEL,1963,1960.7589
Belgium,BEL,1964,1949.1278
Belgium,BEL,1965,1937.5658
Belgium,BEL,1966,1926.0723
Belgium,BEL,1967,1914.647
Belgium,BEL,1968,1903.2894
Belgium,BEL,1969,1891.9994
Belgium,BEL,1970,1880.7761
Belgium,BEL,1971,1871.7172
Belgium,BEL,1972,1845.7231
Belgium,BEL,1973,1818.9681
Belgium,BEL,1974,1788.8882
Belgium,BEL,1975,1778.8241
Belgium,BEL,1976,1780.3851
Belgium,BEL,1977,1754.3522
Belgium,BEL,1978,1735.8992
Belgium,BEL,1979,1718.7871
Belgium,BEL,1980,1698.9741
Belgium,BEL,1981,1676.3322
Belgium,BEL,1982,1661.9731
Belgium,BEL,1983,1667.9081
Belgium,BEL,1984,1691.8772
Belgium,BEL,1985,1697.8722
Belgium,BEL,1986,1677.8961
Belgium,BEL,1987,1662.9192
Belgium,BEL,1988,1650.9292
Belgium,BEL,1989,1641.9371
Belgium,BEL,1990,1655.9281
Belgium,BEL,1991,1618.9741
Belgium,BEL,1992,1596.0011
Belgium,BEL,1993,1552.0562
Belgium,BEL,1994,1552.0562
Belgium,BEL,1995,1578.0261
Belgium,BEL,1996,1552.0571
Belgium,BEL,1997,1565.0442
Belgium,BEL,1998,1576.0342
Belgium,BEL,1999,1575.3821
Belgium,BEL,2000,1589.1027
Belgium,BEL,2001,1581.2432
Belgium,BEL,2002,1593.6455
Belgium,BEL,2003,1598.2198
Belgium,BEL,2004,1587.8026
Belgium,BEL,2005,1577.6764
Belgium,BEL,2006,1591.6377
Belgium,BEL,2007,1593.6576
Belgium,BEL,2008,1582.5051
Belgium,BEL,2009,1563.2252
Belgium,BEL,2010,1573.8307
Belgium,BEL,2011,1590.2344
Belgium,BEL,2012,1587.295
Belgium,BEL,2013,1585.5951
Belgium,BEL,2014,1581.596
Belgium,BEL,2015,1575.4569
Belgium,BEL,2016,1574.1542
Belgium,BEL,2017,1577.9177
Belgium,BEL,2018,1583.264
Belgium,BEL,2019,1586.431
Brazil,BRA,1950,2042
Brazil,BRA,1951,2051.0186
Brazil,BRA,1952,2060.0771
Brazil,BRA,1953,2069.1755
Brazil,BRA,1954,2078.3142
Brazil,BRA,1955,2087.4932
Brazil,BRA,1956,2096.713
Brazil,BRA,1957,2105.9731
Brazil,BRA,1958,2115.2742
Brazil,BRA,1959,2124.6165
Brazil,BRA,1960,2134
Brazil,BRA,1961,2135.0974
Brazil,BRA,1962,2136.1956
Brazil,BRA,1963,2137.294
Brazil,BRA,1964,2138.3933
Brazil,BRA,1965,2139.493
Brazil,BRA,1966,2140.5933
Brazil,BRA,1967,2141.694
Brazil,BRA,1968,2142.7954
Brazil,BRA,1969,2143.8975
Brazil,BRA,1970,2145
Brazil,BRA,1971,2128.5408
Brazil,BRA,1972,2112.2078
Brazil,BRA,1973,2096
Brazil,BRA,1974,2079.7708
Brazil,BRA,1975,2063.667
Brazil,BRA,1976,2047.6881
Brazil,BRA,1977,2031.8329
Brazil,BRA,1978,2016.1005
Brazil,BRA,1979,2000.4897
Brazil,BRA,1980,1985
Brazil,BRA,1981,1974.0968
Brazil,BRA,1982,1963.2535
Brazil,BRA,1983,1952.4698
Brazil,BRA,1984,1941.7454
Brazil,BRA,1985,1931.0797
Brazil,BRA,1986,1920.4728
Brazil,BRA,1987,1909.924
Brazil,BRA,1988,1899.4332
Brazil,BRA,1989,1889
Brazil,BRA,1990,1879
Brazil,BRA,1991,1868.4705
Brazil,BRA,1992,1858
Brazil,BRA,1993,1858.9998
Brazil,BRA,1994,1860
Brazil,BRA,1995,1855.2317
Brazil,BRA,1996,1850.4756
Brazil,BRA,1997,1845.7317
Brazil,BRA,1998,1841
Brazil,BRA,1999,1813.8428
Brazil,BRA,2000,1837.927
Brazil,BRA,2001,1828.3264
Brazil,BRA,2002,1818.7257
Brazil,BRA,2003,1811.1825
Brazil,BRA,2004,1803.1261
Brazil,BRA,2005,1783.1312
Brazil,BRA,2006,1779.1678
Brazil,BRA,2007,1774.2665
Brazil,BRA,2008,1771.2618
Brazil,BRA,2009,1764.5468
Brazil,BRA,2010,1761.3457
Brazil,BRA,2011,1769.6213
Brazil,BRA,2012,1765.1022
Brazil,BRA,2013,1751.5537
Brazil,BRA,2014,1738.8689
Brazil,BRA,2015,1722.8759
Brazil,BRA,2016,1714.675
Brazil,BRA,2017,1709.5944
Brazil,BRA,2018,1706.0571
Brazil,BRA,2019,1707.795
Bulgaria,BGR,1995,1710.674
Bulgaria,BGR,1996,1708.2025
Bulgaria,BGR,1997,1706.8674
Bulgaria,BGR,1998,1649.981
Bulgaria,BGR,1999,1669.4999
Bulgaria,BGR,2000,1640.2538
Bulgaria,BGR,2001,1651.8589
Bulgaria,BGR,2002,1651.2594
Bulgaria,BGR,2003,1640.5111
Bulgaria,BGR,2004,1663.6887
Bulgaria,BGR,2005,1658.6464
Bulgaria,BGR,2006,1654.1027
Bulgaria,BGR,2007,1654.5214
Bulgaria,BGR,2008,1693.596
Bulgaria,BGR,2009,1646.2753
Bulgaria,BGR,2010,1644.8379
Bulgaria,BGR,2011,1643.5928
Bulgaria,BGR,2012,1644.4498
Bulgaria,BGR,2013,1644.9795
Bulgaria,BGR,2014,1644.059
Bulgaria,BGR,2015,1644.3853
Bulgaria,BGR,2016,1643.5475
Bulgaria,BGR,2017,1643.258
Bulgaria,BGR,2018,1644.5715
Bulgaria,BGR,2019,1645.2465
Cambodia,KHM,1993,2190.6436
Cambodia,KHM,1994,2160.658
Cambodia,KHM,1995,2187.2812
Cambodia,KHM,1996,2191.9963
Cambodia,KHM,1997,2202.3345
Cambodia,KHM,1998,2239.2913
Cambodia,KHM,1999,2265.4268
Cambodia,KHM,2000,2296.8909
Cambodia,KHM,2001,2321.0562
Cambodia,KHM,2002,2367.1667
Cambodia,KHM,2003,2366.4758
Cambodia,KHM,2004,2374.304
Cambodia,KHM,2005,2373.758
Cambodia,KHM,2006,2374.1353
Cambodia,KHM,2007,2380.8865
Cambodia,KHM,2008,2382.5652
Cambodia,KHM,2009,2389.0847
Cambodia,KHM,2010,2390.162
Cambodia,KHM,2011,2408.062
Cambodia,KHM,2012,2414.2522
Cambodia,KHM,2013,2423.9707
Cambodia,KHM,2014,2442.8054
Cambodia,KHM,2015,2458.309
Cambodia,KHM,2016,2467.99
Cambodia,KHM,2017,2474.9119
Cambodia,KHM,2018,2474.9119
Cambodia,KHM,2019,2474.9119
Canada,CAN,1870,2845
Canada,CAN,1880,2934
Canada,CAN,1890,3017
Canada,CAN,1900,3102
Canada,CAN,1913,2868
Canada,CAN,1929,2354
Canada,CAN,1938,2212
Canada,CAN,1950,2209.2341
Canada,CAN,1951,2194.1836
Canada,CAN,1952,2181.9395
Canada,CAN,1953,2180.5283
Canada,CAN,1954,2172.6038
Canada,CAN,1955,2154.6565
Canada,CAN,1956,2142.279
Canada,CAN,1957,2122.9817
Canada,CAN,1958,2107.6152
Canada,CAN,1959,2104.4343
Canada,CAN,1960,2090.806
Canada,CAN,1961,2066.4954
Canada,CAN,1962,2065.045
Canada,CAN,1963,2050.3577
Canada,CAN,1964,2039.1084
Canada,CAN,1965,2021.2146
Canada,CAN,1966,1995.1143
Canada,CAN,1967,1985.5981
Canada,CAN,1968,1961.4777
Canada,CAN,1969,1942.4684
Canada,CAN,1970,1925
Canada,CAN,1971,1912
Canada,CAN,1972,1904
Canada,CAN,1973,1898
Canada,CAN,1974,1891
Canada,CAN,1975,1872
Canada,CAN,1976,1862
Canada,CAN,1977,1834
Canada,CAN,1978,1836
Canada,CAN,1979,1841
Canada,CAN,1980,1827
Canada,CAN,1981,1812
Canada,CAN,1982,1788.3629
Canada,CAN,1983,1780.2158
Canada,CAN,1984,1791.116
Canada,CAN,1985,1794.9056
Canada,CAN,1986,1798.5189
Canada,CAN,1987,1807.0273
Canada,CAN,1988,1807.8146
Canada,CAN,1989,1802.8204
Canada,CAN,1990,1795.2927
Canada,CAN,1991,1774.1893
Canada,CAN,1992,1772.387
Canada,CAN,1993,1771.1223
Canada,CAN,1994,1784.9905
Canada,CAN,1995,1785.0164
Canada,CAN,1996,1798.8071
Canada,CAN,1997,1796.6779
Canada,CAN,1998,1792.643
Canada,CAN,1999,1791.8601
Canada,CAN,2000,1786.1864
Canada,CAN,2001,1773.0408
Canada,CAN,2002,1754.3634
Canada,CAN,2003,1743.8031
Canada,CAN,2004,1753.7999
Canada,CAN,2005,1744.0182
Canada,CAN,2006,1743.5408
Canada,CAN,2007,1742.9257
Canada,CAN,2008,1740.306
Canada,CAN,2009,1710.836
Canada,CAN,2010,1714.2085
Canada,CAN,2011,1712.6512
Canada,CAN,2012,1720.6306
Canada,CAN,2013,1714.9354
Canada,CAN,2014,1709.6014
Canada,CAN,2015,1710.7802
Canada,CAN,2016,1705.1924
Canada,CAN,2017,1693.7847
Canada,CAN,2018,1707.0592
Canada,CAN,2019,1689.2809
Chile,CHL,1951,2527.8796
Chile,CHL,1952,2514.3145
Chile,CHL,1953,2500.822
Chile,CHL,1954,2487.402
Chile,CHL,1955,2474.0542
Chile,CHL,1956,2460.778
Chile,CHL,1957,2447.573
Chile,CHL,1958,2434.4387
Chile,CHL,1959,2421.375
Chile,CHL,1960,2408.3813
Chile,CHL,1961,2389.3052
Chile,CHL,1962,2370.2288
Chile,CHL,1963,2327.3071
Chile,CHL,1964,2322.538
Chile,CHL,1965,2336.8455
Chile,CHL,1966,2355.9216
Chile,CHL,1967,2179.466
Chile,CHL,1968,2260.5403
Chile,CHL,1969,2289.1545
Chile,CHL,1970,2160.3896
Chile,CHL,1971,2255.7712
Chile,CHL,1972,2270.0784
Chile,CHL,1973,2246.233
Chile,CHL,1974,2227.1567
Chile,CHL,1975,2270.0784
Chile,CHL,1976,2284.3855
Chile,CHL,1977,2255.7712
Chile,CHL,1978,2279.6165
Chile,CHL,1979,2303.462
Chile,CHL,1980,2317.769
Chile,CHL,1981,2360.6907
Chile,CHL,1982,2308.231
Chile,CHL,1983,2265.3093
Chile,CHL,1984,2298.6929
Chile,CHL,1985,2298.6929
Chile,CHL,1986,2332.0762
Chile,CHL,1987,2351.1526
Chile,CHL,1988,2360.6907
Chile,CHL,1989,2370.2288
Chile,CHL,1990,2408.3813
Chile,CHL,1991,2370.2288
Chile,CHL,1992,2365.4597
Chile,CHL,1993,2370.2288
Chile,CHL,1994,2351.1526
Chile,CHL,1995,2313
Chile,CHL,1996,2313
Chile,CHL,1997,2256
Chile,CHL,1998,2299
Chile,CHL,1999,2277
Chile,CHL,2000,2263
Chile,CHL,2001,2242
Chile,CHL,2002,2250
Chile,CHL,2003,2235
Chile,CHL,2004,2232
Chile,CHL,2005,2157
Chile,CHL,2006,2165
Chile,CHL,2007,2128
Chile,CHL,2008,2095
Chile,CHL,2009,2074
Chile,CHL,2010,2070
Chile,CHL,2011,2047
Chile,CHL,2012,2024
Chile,CHL,2013,2015
Chile,CHL,2014,1990
Chile,CHL,2015,1988
Chile,CHL,2016,1974
Chile,CHL,2017,1954
Chile,CHL,2018,1940.6
Chile,CHL,2019,1914.4
China,CHN,1970,1976.312
China,CHN,1971,1975.7937
China,CHN,1972,1975.5077
China,CHN,1973,1975.3647
China,CHN,1974,1975.1897
China,CHN,1975,1974.8975
China,CHN,1976,1974.2075
China,CHN,1977,1973.4353
China,CHN,1978,1972.7274
China,CHN,1979,1972.1038
China,CHN,1980,1971.4967
China,CHN,1981,1971.1016
China,CHN,1982,1970.7063
China,CHN,1983,1970.1927
China,CHN,1984,1969.7229
China,CHN,1985,1969.3905
China,CHN,1986,1970.4417
China,CHN,1987,1971.4633
China,CHN,1988,1972.6764
China,CHN,1989,1973.9873
China,CHN,1990,1975.354
China,CHN,1991,1976.8881
China,CHN,1992,1978.4229
China,CHN,1993,1981.6453
China,CHN,1994,1989.299
China,CHN,1995,2001.834
China,CHN,1996,2017.2646
China,CHN,1997,2037.3639
China,CHN,1998,2062.0522
China,CHN,1999,2082.0667
China,CHN,2000,2090.4753
China,CHN,2001,2103.5151
China,CHN,2002,2118.2014
China,CHN,2003,2138.0823
China,CHN,2004,2167.896
China,CHN,2005,2192.3545
China,CHN,2006,2183.0583
China,CHN,2007,2152.6501
China,CHN,2008,2131.5928
China,CHN,2009,2138.8518
China,CHN,2010,2172.7102
China,CHN,2011,2178.809
China,CHN,2012,2184.293
China,CHN,2013,2178.325
China,CHN,2014,2178.6626
China,CHN,2015,2170.4592
China,CHN,2016,2167.2278
China,CHN,2017,2168.919
China,CHN,2018,2168.919
China,CHN,2019,2168.919
Colombia,COL,1950,2323
Colombia,COL,1951,2312.28
Colombia,COL,1952,2301.6096
Colombia,COL,1953,2290.9885
Colombia,COL,1954,2280.4163
Colombia,COL,1955,2269.893
Colombia,COL,1956,2259.4182
Colombia,COL,1957,2248.9917
Colombia,COL,1958,2238.6133
Colombia,COL,1959,2228.2827
Colombia,COL,1960,2218
Colombia,COL,1961,2213.1526
Colombia,COL,1962,2208.316
Colombia,COL,1963,2203.4895
Colombia,COL,1964,2198.6738
Colombia,COL,1965,2193.8687
Colombia,COL,1966,2189.074
Colombia,COL,1967,2184.2898
Colombia,COL,1968,2179.516
Colombia,COL,1969,2174.753
Colombia,COL,1970,2170
Colombia,COL,1971,2160.29
Colombia,COL,1972,2150.6233
Colombia,COL,1973,2141
Colombia,COL,1974,2131.2976
Colombia,COL,1975,2121.6394
Colombia,COL,1976,2112.0247
Colombia,COL,1977,2102.4536
Colombia,COL,1978,2092.926
Colombia,COL,1979,2083.4414
Colombia,COL,1980,2074
Colombia,COL,1981,2063.2231
Colombia,COL,1982,2052.5022
Colombia,COL,1983,2041.8372
Colombia,COL,1984,2031.2274
Colombia,COL,1985,2020.6729
Colombia,COL,1986,2010.1731
Colombia,COL,1987,1999.7279
Colombia,COL,1988,1989.3369
Colombia,COL,1989,1979
Colombia,COL,1990,1969
Colombia,COL,1991,1958.9745
Colombia,COL,1992,1949
Colombia,COL,1993,1961.9569
Colombia,COL,1994,1975
Colombia,COL,1995,1970.2328
Colombia,COL,1996,1965.477
Colombia,COL,1997,1960.7328
Colombia,COL,1998,1956
Colombia,COL,1999,1956
Colombia,COL,2000,1956
Colombia,COL,2001,1956
Colombia,COL,2002,2032.2886
Colombia,COL,2003,2016.2488
Colombia,COL,2004,2004.2563
Colombia,COL,2005,2013.9287
Colombia,COL,2006,2037.6603
Colombia,COL,2007,2061.6716
Colombia,COL,2008,2085.9658
Colombia,COL,2009,2051.2192
Colombia,COL,2010,2045.4346
Colombia,COL,2011,2029.6957
Colombia,COL,2012,2016.916
Colombia,COL,2013,2011.7549
Colombia,COL,2014,2004.7931
Colombia,COL,2015,1997.0325
Colombia,COL,2016,1989.179
Colombia,COL,2017,1974.2314
Colombia,COL,2018,1968.3673
Colombia,COL,2019,1968.3673
Costa Rica,CRI,1987,2371.7446
Costa Rica,CRI,1988,2351.5657
Costa Rica,CRI,1989,2313.1028
Costa Rica,CRI,1990,2363.5396
Costa Rica,CRI,1991,2278.2588
Costa Rica,CRI,1992,2364.5488
Costa Rica,CRI,1993,2352.4185
Costa Rica,CRI,1994,2376.1067
Costa Rica,CRI,1995,2350.713
Costa Rica,CRI,1996,2392.572
Costa Rica,CRI,1997,2371.2124
Costa Rica,CRI,1998,2362.2837
Costa Rica,CRI,1999,2376.1733
Costa Rica,CRI,2000,2367.5845
Costa Rica,CRI,2001,2335.0432
Costa Rica,CRI,2002,2362.696
Costa Rica,CRI,2003,2356.135
Costa Rica,CRI,2004,2375.402
Costa Rica,CRI,2005,2357.8464
Costa Rica,CRI,2006,2365.613
Costa Rica,CRI,2007,2392.5747
Costa Rica,CRI,2008,2397.8833
Costa Rica,CRI,2009,2354.2432
Costa Rica,CRI,2010,2249.2659
Costa Rica,CRI,2011,2289.8875
Costa Rica,CRI,2012,2242.5994
Costa Rica,CRI,2013,2156.5576
Costa Rica,CRI,2014,2135.5332
Costa Rica,CRI,2015,2156.9104
Costa Rica,CRI,2016,2212.3838
Costa Rica,CRI,2017,2185.2825
Costa Rica,CRI,2018,2127.9885
Costa Rica,CRI,2019,2069.2454
Croatia,HRV,1995,1923.6868
Croatia,HRV,1996,1923.6843
Croatia,HRV,1997,1923.7461
Croatia,HRV,1998,1923.6796
Croatia,HRV,1999,1923.6516
Croatia,HRV,2000,1922.0885
Croatia,HRV,2001,1923.3796
Croatia,HRV,2002,1923.6532
Croatia,HRV,2003,1924.7345
Croatia,HRV,2004,1926.5612
Croatia,HRV,2005,1926.5049
Croatia,HRV,2006,1928.6445
Croatia,HRV,2007,1930.6614
Croatia,HRV,2008,1932.2053
Croatia,HRV,2009,1928.8948
Croatia,HRV,2010,1942.9882
Croatia,HRV,2011,1940.2644
Croatia,HRV,2012,1923.7847
Croatia,HRV,2013,1909.4727
Croatia,HRV,2014,1891.6152
Croatia,HRV,2015,1827.651
Croatia,HRV,2016,1834.9098
Croatia,HRV,2017,1823.7676
Croatia,HRV,2018,1810.8696
Croatia,HRV,2019,1831.3234
Cyprus,CYP,1995,1899.5675
Cyprus,CYP,1996,1898.5345
Cyprus,CYP,1997,1906.2773
Cyprus,CYP,1998,1912.542
Cyprus,CYP,1999,1919.71
Cyprus,CYP,2000,1926.3915
Cyprus,CYP,2001,1950.894
Cyprus,CYP,2002,1923.2074
Cyprus,CYP,2003,1916.0419
Cyprus,CYP,2004,1878.5753
Cyprus,CYP,2005,1847.304
Cyprus,CYP,2006,1832.9216
Cyprus,CYP,2007,1862.0607
Cyprus,CYP,2008,1867.7183
Cyprus,CYP,2009,1847.1039
Cyprus,CYP,2010,1844.9968
Cyprus,CYP,2011,1847.2744
Cyprus,CYP,2012,1845.2687
Cyprus,CYP,2013,1810.279
Cyprus,CYP,2014,1815.4343
Cyprus,CYP,2015,1824.3308
Cyprus,CYP,2016,1839.6754
Cyprus,CYP,2017,1821.4827
Cyprus,CYP,2018,1809.5833
Cyprus,CYP,2019,1805.2397
Czechia,CZE,1993,1856.9036
Czechia,CZE,1994,1838.9045
Czechia,CZE,1995,1857.9026
Czechia,CZE,1996,1852.5775
Czechia,CZE,1997,1857.7623
Czechia,CZE,1998,1877.4183
Czechia,CZE,1999,1893.5347
Czechia,CZE,2000,1895.5621
Czechia,CZE,2001,1818.3157
Czechia,CZE,2002,1816.5702
Czechia,CZE,2003,1806.224
Czechia,CZE,2004,1817.061
Czechia,CZE,2005,1816.9883
Czechia,CZE,2006,1799.1667
Czechia,CZE,2007,1784.3645
Czechia,CZE,2008,1789.5405
Czechia,CZE,2009,1778.767
Czechia,CZE,2010,1799.5005
Czechia,CZE,2011,1805.6233
Czechia,CZE,2012,1776.1244
Czechia,CZE,2013,1763.0048
Czechia,CZE,2014,1776.7375
Czechia,CZE,2015,1756.161
Czechia,CZE,2016,1778.5255
Czechia,CZE,2017,1784.3712
Czechia,CZE,2018,1786.6891
Czechia,CZE,2019,1787.5435
Denmark,DNK,1870,3434
Denmark,DNK,1880,3172
Denmark,DNK,1890,2933
Denmark,DNK,1900,2742
Denmark,DNK,1913,2731
Denmark,DNK,1929,2301
Denmark,DNK,1938,2203
Denmark,DNK,1950,2049.514
Denmark,DNK,1951,2035.0591
Denmark,DNK,1952,2020.7062
Denmark,DNK,1953,2006.4546
Denmark,DNK,1954,1992.3035
Denmark,DNK,1955,1978.2522
Denmark,DNK,1956,1964.2999
Denmark,DNK,1957,1950.4462
Denmark,DNK,1958,1936.6901
Denmark,DNK,1959,1923.031
Denmark,DNK,1960,1909.4683
Denmark,DNK,1961,1921.4111
Denmark,DNK,1962,1933.4288
Denmark,DNK,1963,1945.5216
Denmark,DNK,1964,1957.6901
Denmark,DNK,1965,1969.9347
Denmark,DNK,1966,1982.2559
Denmark,DNK,1967,1953.6619
Denmark,DNK,1968,1909.1918
Denmark,DNK,1969,1869.7018
Denmark,DNK,1970,1845.3499
Denmark,DNK,1971,1809.7368
Denmark,DNK,1972,1751.8479
Denmark,DNK,1973,1709.5088
Denmark,DNK,1974,1691.4918
Denmark,DNK,1975,1616.5078
Denmark,DNK,1976,1623.5383
Denmark,DNK,1977,1598.4269
Denmark,DNK,1978,1575.1555
Denmark,DNK,1979,1563.8428
Denmark,DNK,1980,1577.4359
Denmark,DNK,1981,1546.3959
Denmark,DNK,1982,1552.8433
Denmark,DNK,1983,1545.9578
Denmark,DNK,1984,1540.8369
Denmark,DNK,1985,1527.4664
Denmark,DNK,1986,1530.9512
Denmark,DNK,1987,1493.0265
Denmark,DNK,1988,1471.1697
Denmark,DNK,1989,1454.9504
Denmark,DNK,1990,1440.4998
Denmark,DNK,1991,1437.3113
Denmark,DNK,1992,1452.3666
Denmark,DNK,1993,1448.9192
Denmark,DNK,1994,1406.6619
Denmark,DNK,1995,1419.1434
Denmark,DNK,1996,1412.2639
Denmark,DNK,1997,1428.0895
Denmark,DNK,1998,1441.135
Denmark,DNK,1999,1456.4973
Denmark,DNK,2000,1465.9373
Denmark,DNK,2001,1468.6771
Denmark,DNK,2002,1462.5846
Denmark,DNK,2003,1457.829
Denmark,DNK,2004,1458.0756
Denmark,DNK,2005,1451.3639
Denmark,DNK,2006,1455.7018
Denmark,DNK,2007,1432.7698
Denmark,DNK,2008,1430.0546
Denmark,DNK,2009,1417.0284
Denmark,DNK,2010,1422.3064
Denmark,DNK,2011,1436.9801
Denmark,DNK,2012,1423.3478
Denmark,DNK,2013,1425.6351
Denmark,DNK,2014,1413.8082
Denmark,DNK,2015,1407.1481
Denmark,DNK,2016,1412.0458
Denmark,DNK,2017,1405.404
Denmark,DNK,2018,1381.9294
Denmark,DNK,2019,1380.6077
Dominican Republic,DOM,1990,2171.7024
Dominican Republic,DOM,1991,2169.4995
Dominican Republic,DOM,1992,2140.2593
Dominican Republic,DOM,1993,2233.4863
Dominican Republic,DOM,1994,2215.7012
Dominican Republic,DOM,1995,2234.448
Dominican Republic,DOM,1996,2206.3308
Dominican Republic,DOM,1997,2223.5127
Dominican Republic,DOM,1998,2283.072
Dominican Republic,DOM,1999,2303.456
Dominican Republic,DOM,2000,2206.567
Dominican Republic,DOM,2001,2187.6
Dominican Republic,DOM,2002,2137.6614
Dominican Republic,DOM,2003,2130.0408
Dominican Republic,DOM,2004,2151.756
Dominican Republic,DOM,2005,2153.188
Dominican Republic,DOM,2006,2123.3628
Dominican Republic,DOM,2007,2132.8594
Dominican Republic,DOM,2008,2131.6663
Dominican Republic,DOM,2009,2131.3306
Dominican Republic,DOM,2010,2114.7668
Dominican Republic,DOM,2011,2107.8098
Dominican Republic,DOM,2012,2114.4988
Dominican Republic,DOM,2013,2122.6282
Dominican Republic,DOM,2014,2181.511
Dominican Republic,DOM,2015,2156.5974
Dominican Republic,DOM,2016,2142.102
Dominican Republic,DOM,2017,2142.102
Dominican Republic,DOM,2018,2142.102
Dominican Republic,DOM,2019,2142.102
Ecuador,ECU,1995,1943
Ecuador,ECU,1996,1936.3103
Ecuador,ECU,1997,1929.6437
Ecuador,ECU,1998,1923
Ecuador,ECU,1999,1788.7039
Ecuador,ECU,2000,1800.2263
Ecuador,ECU,2001,1811.8231
Ecuador,ECU,2002,1823.4945
Ecuador,ECU,2003,1835.2412
Ecuador,ECU,2004,1782.7158
Ecuador,ECU,2005,1808.5057
Ecuador,ECU,2006,1772.748
Ecuador,ECU,2007,1729.0538
Ecuador,ECU,2008,1758.101
Ecuador,ECU,2009,1734.4746
Ecuador,ECU,2010,1719.4629
Ecuador,ECU,2011,1699.5295
Ecuador,ECU,2012,1664.7306
Ecuador,ECU,2013,1661.2454
Ecuador,ECU,2014,1649.2662
Ecuador,ECU,2015,1620.1982
Ecuador,ECU,2016,1572.3125
Ecuador,ECU,2017,1566.3596
Ecuador,ECU,2018,1568.1403
Ecuador,ECU,2019,1551.6428
Estonia,EST,1995,1983.2291
Estonia,EST,1996,1982.2822
Estonia,EST,1997,1980.5514
Estonia,EST,1998,1980.1615
Estonia,EST,1999,1977.345
Estonia,EST,2000,1977.8729
Estonia,EST,2001,1970.4961
Estonia,EST,2002,1972.69
Estonia,EST,2003,1978.3347
Estonia,EST,2004,1986.4607
Estonia,EST,2005,2008.3733
Estonia,EST,2006,2000.9904
Estonia,EST,2007,1998.4846
Estonia,EST,2008,1967.7698
Estonia,EST,2009,1832.1401
Estonia,EST,2010,1874.7017
Estonia,EST,2011,1918.863
Estonia,EST,2012,1885.6866
Estonia,EST,2013,1865.8429
Estonia,EST,2014,1859.4319
Estonia,EST,2015,1851.6166
Estonia,EST,2016,1855.1993
Estonia,EST,2017,1856.6827
Estonia,EST,2018,1810.3788
Estonia,EST,2019,1797.2145
Finland,FIN,1950,2024.55
Finland,FIN,1951,2025.1461
Finland,FIN,1952,2025.7424
Finland,FIN,1953,2026.339
Finland,FIN,1954,2026.9355
Finland,FIN,1955,2027.5325
Finland,FIN,1956,2028.1294
Finland,FIN,1957,2028.7266
Finland,FIN,1958,2029.324
Finland,FIN,1959,2029.9215
Finland,FIN,1960,2030.5192
Finland,FIN,1961,2029.4869
Finland,FIN,1962,2022.2609
Finland,FIN,1963,2019.164
Finland,FIN,1964,2043.939
Finland,FIN,1965,2043.939
Finland,FIN,1966,2020.1963
Finland,FIN,1967,2002.6473
Finland,FIN,1968,1987.163
Finland,FIN,1969,1968.5817
Finland,FIN,1970,1979.9369
Finland,FIN,1971,1944.3569
Finland,FIN,1972,1928.6589
Finland,FIN,1973,1912.9619
Finland,FIN,1974,1906.6829
Finland,FIN,1975,1899.143
Finland,FIN,1976,1896.1289
Finland,FIN,1977,1887.8369
Finland,FIN,1978,1893.2559
Finland,FIN,1979,1869.143
Finland,FIN,1980,1790.0089
Finland,FIN,1981,1783.7668
Finland,FIN,1982,1776.4014
Finland,FIN,1983,1766.1139
Finland,FIN,1984,1761.8673
Finland,FIN,1985,1755.8744
Finland,FIN,1986,1739.2924
Finland,FIN,1987,1746.2614
Finland,FIN,1988,1749.9081
Finland,FIN,1989,1750.0303
Finland,FIN,1990,1726.422
Finland,FIN,1991,1707.338
Finland,FIN,1992,1706.4473
Finland,FIN,1993,1705.8651
Finland,FIN,1994,1726.8401
Finland,FIN,1995,1732.4525
Finland,FIN,1996,1730.9768
Finland,FIN,1997,1726.7855
Finland,FIN,1998,1716.5051
Finland,FIN,1999,1716.1497
Finland,FIN,2000,1704.7135
Finland,FIN,2001,1689.9165
Finland,FIN,2002,1682.4988
Finland,FIN,2003,1676.4135
Finland,FIN,2004,1677.6915
Finland,FIN,2005,1667.0387
Finland,FIN,2006,1661.7432
Finland,FIN,2007,1658.0253
Finland,FIN,2008,1653.7998
Finland,FIN,2009,1632.5205
Finland,FIN,2010,1637.9124
Finland,FIN,2011,1630.3019
Finland,FIN,2012,1619.7332
Finland,FIN,2013,1612.1733
Finland,FIN,2014,1609.5339
Finland,FIN,2015,1607.14
Finland,FIN,2016,1606.3032
Finland,FIN,2017,1600.3201
Finland,FIN,2018,1597.7305
Finland,FIN,2019,1590.6946
France,FRA,1870,3168
France,FRA,1880,3165
France,FRA,1890,3119
France,FRA,1900,3115
France,FRA,1913,2933
France,FRA,1929,2198
France,FRA,1938,1760
France,FRA,1950,2350.9597
France,FRA,1951,2360.5159
France,FRA,1952,2338.8276
France,FRA,1953,2313.3123
France,FRA,1954,2316.4275
France,FRA,1955,2292.0476
France,FRA,1956,2236.0613
France,FRA,1957,2199.6052
France,FRA,1958,2179.3933
France,FRA,1959,2179.2483
France,FRA,1960,2188.477
France,FRA,1961,2165.1897
France,FRA,1962,2177.7688
France,FRA,1963,2159.3423
France,FRA,1964,2166.1526
France,FRA,1965,2153.1584
France,FRA,1966,2144.572
France,FRA,1967,2110.4717
France,FRA,1968,2086.6023
France,FRA,1969,2011.9497
France,FRA,1970,1992.5079
France,FRA,1971,1989.7317
France,FRA,1972,1936.6277
France,FRA,1973,1920.427
France,FRA,1974,1888.4678
France,FRA,1975,1862.6046
France,FRA,1976,1888.8861
France,FRA,1977,1850.3282
France,FRA,1978,1819.0271
France,FRA,1979,1815.5414
France,FRA,1980,1806.1338
France,FRA,1981,1785.5872
France,FRA,1982,1714.3784
France,FRA,1983,1696.3026
France,FRA,1984,1689.6501
France,FRA,1985,1654.322
France,FRA,1986,1648.3517
France,FRA,1987,1659.3856
France,FRA,1988,1667.4076
France,FRA,1989,1651.2667
France,FRA,1990,1644.8507
France,FRA,1991,1637.7817
France,FRA,1992,1635.1525
France,FRA,1993,1626.6859
France,FRA,1994,1623.2335
France,FRA,1995,1601.2115
France,FRA,1996,1597.2815
France,FRA,1997,1595.6454
France,FRA,1998,1585.2897
France,FRA,1999,1578.3046
France,FRA,2000,1558.3387
France,FRA,2001,1537.9565
France,FRA,2002,1503.8867
France,FRA,2003,1507.2567
France,FRA,2004,1530.856
France,FRA,2005,1532.0759
France,FRA,2006,1515.0112
France,FRA,2007,1536.8156
France,FRA,2008,1542.7961
France,FRA,2009,1531.4512
France,FRA,2010,1539.8031
France,FRA,2011,1546.3312
France,FRA,2012,1540.8806
France,FRA,2013,1526.242
France,FRA,2014,1518.1111
France,FRA,2015,1519.4844
France,FRA,2016,1522.0693
France,FRA,2017,1505.3679
France,FRA,2018,1495.4579
France,FRA,2019,1504.9124
Germany,DEU,1870,3284
Germany,DEU,1880,3223
Germany,DEU,1890,3108
Germany,DEU,1900,3056
Germany,DEU,1913,2723
Germany,DEU,1929,2128
Germany,DEU,1938,2187
Germany,DEU,1950,2428.2795
Germany,DEU,1951,2402.437
Germany,DEU,1952,2376.8696
Germany,DEU,1953,2351.5745
Germany,DEU,1954,2326.5483
Germany,DEU,1955,2301.7886
Germany,DEU,1956,2277.2922
Germany,DEU,1957,2253.0566
Germany,DEU,1958,2229.079
Germany,DEU,1959,2205.3567
Germany,DEU,1960,2181.8867
Germany,DEU,1961,2155.2598
Germany,DEU,1962,2118.1436
Germany,DEU,1963,2087.684
Germany,DEU,1964,2099.1821
Germany,DEU,1965,2084.961
Germany,DEU,1966,2058.6367
Germany,DEU,1967,2020.9154
Germany,DEU,1968,2008.4089
Germany,DEU,1969,1988.6405
Germany,DEU,1970,1973.209
Germany,DEU,1971,1941.2367
Germany,DEU,1972,1916.1227
Germany,DEU,1973,1885.5624
Germany,DEU,1974,1852.2788
Germany,DEU,1975,1812.5404
Germany,DEU,1976,1824.946
Germany,DEU,1977,1806.8872
Germany,DEU,1978,1787.8251
Germany,DEU,1979,1775.7859
Germany,DEU,1980,1756.7238
Germany,DEU,1981,1734.6519
Germany,DEU,1982,1723.6158
Germany,DEU,1983,1710.5734
Germany,DEU,1984,1699.5375
Germany,DEU,1985,1676.4623
Germany,DEU,1986,1657.4001
Germany,DEU,1987,1634.325
Germany,DEU,1988,1629.3086
Germany,DEU,1989,1606.2334
Germany,DEU,1990,1583.1582
Germany,DEU,1991,1554.0635
Germany,DEU,1992,1565.0939
Germany,DEU,1993,1540.1843
Germany,DEU,1994,1536.577
Germany,DEU,1995,1530.5715
Germany,DEU,1996,1516.7512
Germany,DEU,1997,1507.6761
Germany,DEU,1998,1504.5591
Germany,DEU,1999,1491.5133
Germany,DEU,2000,1465.9377
Germany,DEU,2001,1458.165
Germany,DEU,2002,1448.9235
Germany,DEU,2003,1443.408
Germany,DEU,2004,1442.5842
Germany,DEU,2005,1432.4235
Germany,DEU,2006,1453.1885
Germany,DEU,2007,1454.0872
Germany,DEU,2008,1447.3285
Germany,DEU,2009,1405.0559
Germany,DEU,2010,1425.7455
Germany,DEU,2011,1426.8967
Germany,DEU,2012,1407.982
Germany,DEU,2013,1396.4581
Germany,DEU,2014,1400.412
Germany,DEU,2015,1400.7931
Germany,DEU,2016,1394.7543
Germany,DEU,2017,1391.3397
Germany,DEU,2018,1389.9318
Germany,DEU,2019,1386.1968
Greece,GRC,1951,2312.5513
Greece,GRC,1952,2302.988
Greece,GRC,1953,2293.4646
Greece,GRC,1954,2283.9802
Greece,GRC,1955,2274.5352
Greece,GRC,1956,2265.1292
Greece,GRC,1957,2255.762
Greece,GRC,1958,2246.4338
Greece,GRC,1959,2237.144
Greece,GRC,1960,2227.8926
Greece,GRC,1961,2217.9907
Greece,GRC,1962,2208.1328
Greece,GRC,1963,2198.3188
Greece,GRC,1964,2188.5483
Greece,GRC,1965,2178.8215
Greece,GRC,1966,2169.1377
Greece,GRC,1967,2159.4968
Greece,GRC,1968,2149.8992
Greece,GRC,1969,2140.3438
Greece,GRC,1970,2098.6428
Greece,GRC,1971,2099.6047
Greece,GRC,1972,2101.0935
Greece,GRC,1973,2102.546
Greece,GRC,1974,2103.9597
Greece,GRC,1975,2105.3333
Greece,GRC,1976,2106.6653
Greece,GRC,1977,2107.9543
Greece,GRC,1978,2109.6099
Greece,GRC,1979,2111.0493
Greece,GRC,1980,2111.6992
Greece,GRC,1981,2111.784
Greece,GRC,1982,2111.3945
Greece,GRC,1983,2108.8662
Greece,GRC,1984,2108.4956
Greece,GRC,1985,2107.4692
Greece,GRC,1986,2107.8125
Greece,GRC,1987,2110.0713
Greece,GRC,1988,2107.255
Greece,GRC,1989,2109.304
Greece,GRC,1990,2111.6228
Greece,GRC,1991,2112.8909
Greece,GRC,1992,2112.869
Greece,GRC,1993,2112.1438
Greece,GRC,1994,2110.1987
Greece,GRC,1995,2110.7063
Greece,GRC,1996,2109.4004
Greece,GRC,1997,2107.9448
Greece,GRC,1998,2108.4343
Greece,GRC,1999,2104.8523
Greece,GRC,2000,2107.6384
Greece,GRC,2001,2101.1304
Greece,GRC,2002,2093.215
Greece,GRC,2003,2091.4788
Greece,GRC,2004,2082.5518
Greece,GRC,2005,2136.239
Greece,GRC,2006,2125.3364
Greece,GRC,2007,2110.9885
Greece,GRC,2008,2106.26
Greece,GRC,2009,2081.2117
Greece,GRC,2010,2019.5708
Greece,GRC,2011,2037.7003
Greece,GRC,2012,2055.374
Greece,GRC,2013,2059.22
Greece,GRC,2014,2020.8816
Greece,GRC,2015,2031.1404
Greece,GRC,2016,2030.0905
Greece,GRC,2017,2045.2413
Greece,GRC,2018,2044.431
Greece,GRC,2019,2036.4635
Hong Kong,HKG,1960,2723.5908
Hong Kong,HKG,1961,2703.403
Hong Kong,HKG,1962,2683.365
Hong Kong,HKG,1963,2663.4753
Hong Kong,HKG,1964,2643.733
Hong Kong,HKG,1965,2624.1372
Hong Kong,HKG,1966,2604.6865
Hong Kong,HKG,1967,2585.38
Hong Kong,HKG,1968,2566.2166
Hong Kong,HKG,1969,2547.1953
Hong Kong,HKG,1970,2528.315
Hong Kong,HKG,1971,2527.0505
Hong Kong,HKG,1972,2525.4067
Hong Kong,HKG,1973,2523.8271
Hong Kong,HKG,1974,2522.549
Hong Kong,HKG,1975,2521.6772
Hong Kong,HKG,1976,2518.0522
Hong Kong,HKG,1977,2507.4993
Hong Kong,HKG,1978,2497.362
Hong Kong,HKG,1979,2488.411
Hong Kong,HKG,1980,2477.289
Hong Kong,HKG,1981,2466.1562
Hong Kong,HKG,1982,2441.66
Hong Kong,HKG,1983,2410.825
Hong Kong,HKG,1984,2381.8462
Hong Kong,HKG,1985,2356.0828
Hong Kong,HKG,1986,2360.2485
Hong Kong,HKG,1987,2324.3064
Hong Kong,HKG,1988,2372.4387
Hong Kong,HKG,1989,2314.0312
Hong Kong,HKG,1990,2278.5217
Hong Kong,HKG,1991,2309.9045
Hong Kong,HKG,1992,2224.1714
Hong Kong,HKG,1993,2287.9592
Hong Kong,HKG,1994,2291.9285
Hong Kong,HKG,1995,2254.8499
Hong Kong,HKG,1996,2304.2678
Hong Kong,HKG,1997,2257.8132
Hong Kong,HKG,1998,2259.1526
Hong Kong,HKG,1999,2301.9258
Hong Kong,HKG,2000,2330.667
Hong Kong,HKG,2001,2326.358
Hong Kong,HKG,2002,2343.431
Hong Kong,HKG,2003,2330.8987
Hong Kong,HKG,2004,2354.375
Hong Kong,HKG,2005,2346.386
Hong Kong,HKG,2006,2315.4949
Hong Kong,HKG,2007,2327.78
Hong Kong,HKG,2008,2277.0227
Hong Kong,HKG,2009,2251.9988
Hong Kong,HKG,2010,2302.08
Hong Kong,HKG,2011,2256.8945
Hong Kong,HKG,2012,2233.4592
Hong Kong,HKG,2013,2225.5356
Hong Kong,HKG,2014,2175.4304
Hong Kong,HKG,2015,2185.5137
Hong Kong,HKG,2016,2176.568
Hong Kong,HKG,2017,2147.5745
Hong Kong,HKG,2018,2147.5745
Hong Kong,HKG,2019,2147.5745
Hungary,HUN,1980,2130.5764
Hungary,HUN,1981,2129.6052
Hungary,HUN,1982,2039.2937
Hungary,HUN,1983,2019.8718
Hungary,HUN,1984,1949.9531
Hungary,HUN,1985,1923.7336
Hungary,HUN,1986,1914.9939
Hungary,HUN,1987,1957.7219
Hungary,HUN,1988,1951.8954
Hungary,HUN,1989,1927.618
Hungary,HUN,1990,1888.7743
Hungary,HUN,1991,1857.6993
Hungary,HUN,1992,1815.9424
Hungary,HUN,1993,1815.9424
Hungary,HUN,1994,1943.1555
Hungary,HUN,1995,1948.011
Hungary,HUN,1996,1945.9785
Hungary,HUN,1997,1954.3046
Hungary,HUN,1998,1945.0614
Hungary,HUN,1999,1952.4032
Hungary,HUN,2000,1932.4021
Hungary,HUN,2001,1897.765
Hungary,HUN,2002,1883.6323
Hungary,HUN,2003,1856.2875
Hungary,HUN,2004,1858.6111
Hungary,HUN,2005,1834.0532
Hungary,HUN,2006,1813.8796
Hungary,HUN,2007,1787.781
Hungary,HUN,2008,1791.238
Hungary,HUN,2009,1758.2225
Hungary,HUN,2010,1766.3568
Hungary,HUN,2011,1753.6707
Hungary,HUN,2012,1738.2518
Hungary,HUN,2013,1733.6252
Hungary,HUN,2014,1748.5514
Hungary,HUN,2015,1745.948
Hungary,HUN,2016,1760.155
Hungary,HUN,2017,1747.3541
Hungary,HUN,2018,1728.8778
Hungary,HUN,2019,1725.2279
Iceland,ISL,1964,2115.84
Iceland,ISL,1965,2092.803
Iceland,ISL,1966,2080.6277
Iceland,ISL,1967,2045.2112
Iceland,ISL,1968,1998.6008
Iceland,ISL,1969,1970.4004
Iceland,ISL,1970,1953.1528
Iceland,ISL,1971,1915.1821
Iceland,ISL,1972,1882.5275
Iceland,ISL,1973,1865.3461
Iceland,ISL,1974,1840.9304
Iceland,ISL,1975,1816.4849
Iceland,ISL,1976,1789.3252
Iceland,ISL,1977,1747.7571
Iceland,ISL,1978,1709.6963
Iceland,ISL,1979,1696.981
Iceland,ISL,1980,1687.0228
Iceland,ISL,1981,1680.6754
Iceland,ISL,1982,1683.3799
Iceland,ISL,1983,1683.3934
Iceland,ISL,1984,1681.5781
Iceland,ISL,1985,1680.6815
Iceland,ISL,1986,1673.4517
Iceland,ISL,1987,1671.6102
Iceland,ISL,1988,1678.8577
Iceland,ISL,1989,1674.3617
Iceland,ISL,1990,1664.4016
Iceland,ISL,1991,1667.9596
Iceland,ISL,1992,1667.9596
Iceland,ISL,1993,1682.919
Iceland,ISL,1994,1654.6625
Iceland,ISL,1995,1641.3654
Iceland,ISL,1996,1658.8179
Iceland,ISL,1997,1683.75
Iceland,ISL,1998,1664.6354
Iceland,ISL,1999,1644.6896
Iceland,ISL,2000,1695.385
Iceland,ISL,2001,1706.1888
Iceland,ISL,2002,1672.115
Iceland,ISL,2003,1638.8722
Iceland,ISL,2004,1645.5208
Iceland,ISL,2005,1637.21
Iceland,ISL,2006,1627.2372
Iceland,ISL,2007,1605.6293
Iceland,ISL,2008,1607.2914
Iceland,ISL,2009,1512.2565
Iceland,ISL,2010,1503.0515
Iceland,ISL,2011,1511.8303
Iceland,ISL,2012,1497.8882
Iceland,ISL,2013,1499.7734
Iceland,ISL,2014,1488.4912
Iceland,ISL,2015,1486.4058
Iceland,ISL,2016,1473.9927
Iceland,ISL,2017,1464.4535
Iceland,ISL,2018,1449.3953
Iceland,ISL,2019,1454.4949
India,IND,1970,2077.3308
India,IND,1971,2077.0852
India,IND,1972,2076.5603
India,IND,1973,2074.829
India,IND,1974,2072.3657
India,IND,1975,2069.9565
India,IND,1976,2067.16
India,IND,1977,2065.3796
India,IND,1978,2064.4177
India,IND,1979,2064.2246
India,IND,1980,2064.0278
India,IND,1981,2063.623
India,IND,1982,2064.153
India,IND,1983,2065.1204
India,IND,1984,2066.7083
India,IND,1985,2068.6077
India,IND,1986,2070.578
India,IND,1987,2072.2705
India,IND,1988,2075.0774
India,IND,1989,2078.132
India,IND,1990,2078.4795
India,IND,1991,2079.3042
India,IND,1992,2076.9104
India,IND,1993,2075.8694
India,IND,1994,2075.6873
India,IND,1995,2077.0972
India,IND,1996,2079.8303
India,IND,1997,2079.3826
India,IND,1998,2080.7412
India,IND,1999,2082.6938
India,IND,2000,2086.6284
India,IND,2001,2086.7727
India,IND,2002,2088.8936
India,IND,2003,2091.9958
India,IND,2004,2095.7783
India,IND,2005,2096.916
India,IND,2006,2097.0964
India,IND,2007,2098.1213
India,IND,2008,2099.633
India,IND,2009,2103.5361
India,IND,2010,2110.3926
India,IND,2011,2113.6245
India,IND,2012,2115.7139
India,IND,2013,2117.1133
India,IND,2014,2118.5447
India,IND,2015,2118.8215
India,IND,2016,2121.2432
India,IND,2017,2122.9407
India,IND,2018,2122.9407
India,IND,2019,2122.9407
Indonesia,IDN,1970,1893.4952
Indonesia,IDN,1971,1892.7327
Indonesia,IDN,1972,1918.5746
Indonesia,IDN,1973,1925.8982
Indonesia,IDN,1974,1920.833
Indonesia,IDN,1975,1900.5018
Indonesia,IDN,1976,1862.275
Indonesia,IDN,1977,1877.682
Indonesia,IDN,1978,1981.1886
Indonesia,IDN,1979,1992.0203
Indonesia,IDN,1980,2005.733
Indonesia,IDN,1981,2035.1864
Indonesia,IDN,1982,2013.3235
Indonesia,IDN,1983,2050.5957
Indonesia,IDN,1984,2056.1162
Indonesia,IDN,1985,2029.4622
Indonesia,IDN,1986,1887.7104
Indonesia,IDN,1987,1889.9427
Indonesia,IDN,1988,1886.1467
Indonesia,IDN,1989,1891.3356
Indonesia,IDN,1990,1909.3021
Indonesia,IDN,1991,1928.3624
Indonesia,IDN,1992,1895.6202
Indonesia,IDN,1993,1897.3348
Indonesia,IDN,1994,1929.5098
Indonesia,IDN,1995,1927.9639
Indonesia,IDN,1996,1917.2216
Indonesia,IDN,1997,1923.3959
Indonesia,IDN,1998,1956.473
Indonesia,IDN,1999,1971.893
Indonesia,IDN,2000,1979.1157
Indonesia,IDN,2001,2021.0006
Indonesia,IDN,2002,1993.8693
Indonesia,IDN,2003,2020.7998
Indonesia,IDN,2004,2046.9236
Indonesia,IDN,2005,2024.379
Indonesia,IDN,2006,2039.5248
Indonesia,IDN,2007,2078.1553
Indonesia,IDN,2008,2055.938
Indonesia,IDN,2009,2075.396
Indonesia,IDN,2010,2066.0007
Indonesia,IDN,2011,2034.8198
Indonesia,IDN,2012,2037.8956
Indonesia,IDN,2013,2034.9995
Indonesia,IDN,2014,2017.9722
Indonesia,IDN,2015,2024.287
Indonesia,IDN,2016,2014.539
Indonesia,IDN,2017,2019.9233
Indonesia,IDN,2018,2019.9233
Indonesia,IDN,2019,2019.9233
Ireland,IRL,1870,3108
Ireland,IRL,1880,3017
Ireland,IRL,1890,2869
Ireland,IRL,1900,2795
Ireland,IRL,1913,2690
Ireland,IRL,1929,2182
Ireland,IRL,1938,2171
Ireland,IRL,1950,2419.4111
Ireland,IRL,1951,2407.575
Ireland,IRL,1952,2395.7969
Ireland,IRL,1953,2384.0762
Ireland,IRL,1954,2372.413
Ireland,IRL,1955,2360.807
Ireland,IRL,1956,2349.2573
Ireland,IRL,1957,2337.7644
Ireland,IRL,1958,2326.328
Ireland,IRL,1959,2314.947
Ireland,IRL,1960,2303.622
Ireland,IRL,1961,2306.6157
Ireland,IRL,1962,2309.6133
Ireland,IRL,1963,2312.615
Ireland,IRL,1964,2315.6204
Ireland,IRL,1965,2318.6296
Ireland,IRL,1966,2321.6428
Ireland,IRL,1967,2324.6602
Ireland,IRL,1968,2327.6812
Ireland,IRL,1969,2330.7063
Ireland,IRL,1970,2333.735
Ireland,IRL,1971,2316.7312
Ireland,IRL,1972,2296.588
Ireland,IRL,1973,2284.031
Ireland,IRL,1974,2247.6687
Ireland,IRL,1975,2237.7278
Ireland,IRL,1976,2232.2344
Ireland,IRL,1977,2202.6733
Ireland,IRL,1978,2183.0535
Ireland,IRL,1979,2161.3406
Ireland,IRL,1980,2122.1006
Ireland,IRL,1981,2090.7085
Ireland,IRL,1982,2083.3838
Ireland,IRL,1983,2073.1814
Ireland,IRL,1984,2055.1309
Ireland,IRL,1985,2062.194
Ireland,IRL,1986,2096.7253
Ireland,IRL,1987,2076.059
Ireland,IRL,1988,2084.4302
Ireland,IRL,1989,2091.755
Ireland,IRL,1990,2080.2446
Ireland,IRL,1991,2045.1902
Ireland,IRL,1992,1996.7941
Ireland,IRL,1993,1970.111
Ireland,IRL,1994,1970.3726
Ireland,IRL,1995,1962.0013
Ireland,IRL,1996,1953.5992
Ireland,IRL,1997,1954.1941
Ireland,IRL,1998,1953.1941
Ireland,IRL,1999,1941.8829
Ireland,IRL,2000,1932.7238
Ireland,IRL,2001,1923.5294
Ireland,IRL,2002,1904.2762
Ireland,IRL,2003,1886.7864
Ireland,IRL,2004,1875.256
Ireland,IRL,2005,1883.1937
Ireland,IRL,2006,1878.813
Ireland,IRL,2007,1864.9323
Ireland,IRL,2008,1843.8962
Ireland,IRL,2009,1811.803
Ireland,IRL,2010,1720.9739
Ireland,IRL,2011,1736.5315
Ireland,IRL,2012,1737.8612
Ireland,IRL,2013,1743.4727
Ireland,IRL,2014,1757.0306
Ireland,IRL,2015,1770.5844
Ireland,IRL,2016,1762.9232
Ireland,IRL,2017,1774.7498
Ireland,IRL,2018,1785.4022
Ireland,IRL,2019,1771.9779
Israel,ISR,1981,1966.0331
Israel,ISR,1982,1941.761
Israel,ISR,1983,1928.6136
Israel,ISR,1984,1931.6477
Israel,ISR,1985,1931.6477
Israel,ISR,1986,1926.5911
Israel,ISR,1987,1920.5231
Israel,ISR,1988,1878.047
Israel,ISR,1989,1909.3983
Israel,ISR,1990,1904.3417
Israel,ISR,1991,1897.2623
Israel,ISR,1992,1950.863
Israel,ISR,1993,1952.8857
Israel,ISR,1994,1993.339
Israel,ISR,1995,2017.6111
Israel,ISR,1996,2035.5391
Israel,ISR,1997,2040.4977
Israel,ISR,1998,2015.4592
Israel,ISR,1999,2023.3385
Israel,ISR,2000,2034.7421
Israel,ISR,2001,1998.0148
Israel,ISR,2002,2015.5543
Israel,ISR,2003,1996.878
Israel,ISR,2004,1973.2894
Israel,ISR,2005,1965.0957
Israel,ISR,2006,1951.7192
Israel,ISR,2007,1964.7948
Israel,ISR,2008,1960.6504
Israel,ISR,2009,1962.0277
Israel,ISR,2010,1956.2672
Israel,ISR,2011,1946.813
Israel,ISR,2012,1918.9104
Israel,ISR,2013,1908.5974
Israel,ISR,2014,1894.1754
Israel,ISR,2015,1895.9094
Israel,ISR,2016,1921.191
Israel,ISR,2017,1920.5325
Israel,ISR,2018,1912.8923
Israel,ISR,2019,1900.8748
Italy,ITA,1870,3000
Italy,ITA,1880,3008
Italy,ITA,1890,3006
Italy,ITA,1900,3014
Italy,ITA,1913,2953
Italy,ITA,1929,2153
Italy,ITA,1938,2162
Italy,ITA,1950,2099.5305
Italy,ITA,1951,2105.9595
Italy,ITA,1952,2112.4082
Italy,ITA,1953,2118.8767
Italy,ITA,1954,2125.3647
Italy,ITA,1955,2131.873
Italy,ITA,1956,2138.4011
Italy,ITA,1957,2144.949
Italy,ITA,1958,2151.517
Italy,ITA,1959,2158.1052
Italy,ITA,1960,2164.7136
Italy,ITA,1961,2148.0322
Italy,ITA,1962,2098.948
Italy,ITA,1963,2084.2085
Italy,ITA,1964,2078.0774
Italy,ITA,1965,2020.4868
Italy,ITA,1966,2039.122
Italy,ITA,1967,2063.5618
Italy,ITA,1968,2057.1218
Italy,ITA,1969,2056.0034
Italy,ITA,1970,2034.7423
Italy,ITA,1971,1982.4568
Italy,ITA,1972,1963.6632
Italy,ITA,1973,1947.4805
Italy,ITA,1974,1917.0176
Italy,ITA,1975,1901.5526
Italy,ITA,1976,1899.4647
Italy,ITA,1977,1864.7463
Italy,ITA,1978,1854.7401
Italy,ITA,1979,1848.2284
Italy,ITA,1980,1849.2611
Italy,ITA,1981,1852.6433
Italy,ITA,1982,1862.8739
Italy,ITA,1983,1867.6633
Italy,ITA,1984,1856.6704
Italy,ITA,1985,1850.5262
Italy,ITA,1986,1863.0144
Italy,ITA,1987,1877.6406
Italy,ITA,1988,1885.3231
Italy,ITA,1989,1873.1007
Italy,ITA,1990,1856.4014
Italy,ITA,1991,1847.4683
Italy,ITA,1992,1850.4974
Italy,ITA,1993,1850.6401
Italy,ITA,1994,1850.3268
Italy,ITA,1995,1856.2129
Italy,ITA,1996,1866.1517
Italy,ITA,1997,1859.8639
Italy,ITA,1998,1873.1329
Italy,ITA,1999,1869.878
Italy,ITA,2000,1850.198
Italy,ITA,2001,1837.6362
Italy,ITA,2002,1826.1901
Italy,ITA,2003,1815.1038
Italy,ITA,2004,1814.6156
Italy,ITA,2005,1811.1017
Italy,ITA,2006,1811.8516
Italy,ITA,2007,1817.7074
Italy,ITA,2008,1806.5394
Italy,ITA,2009,1775.1697
Italy,ITA,2010,1776.7732
Italy,ITA,2011,1772.5574
Italy,ITA,2012,1733.6423
Italy,ITA,2013,1719.0903
Italy,ITA,2014,1716.3412
Italy,ITA,2015,1717.469
Italy,ITA,2016,1721.6975
Italy,ITA,2017,1719.1593
Italy,ITA,2018,1722.3185
Italy,ITA,2019,1717.8339
Jamaica,JAM,1986,1864.8246
Jamaica,JAM,1987,1893.6748
Jamaica,JAM,1988,1914.997
Jamaica,JAM,1989,1972.9108
Jamaica,JAM,1990,1938.2228
Jamaica,JAM,1991,1947.975
Jamaica,JAM,1992,1963.4525
Jamaica,JAM,1993,1951.1327
Jamaica,JAM,1994,1958.8782
Jamaica,JAM,1995,1948.525
Jamaica,JAM,1996,1969.2648
Jamaica,JAM,1997,1963.9474
Jamaica,JAM,1998,1999.2107
Jamaica,JAM,1999,1983.4503
Jamaica,JAM,2000,1963.4492
Jamaica,JAM,2001,1970.6368
Jamaica,JAM,2002,1965.5664
Japan,JPN,1950,2030.4137
Japan,JPN,1951,2012.9907
Japan,JPN,1952,1995.7172
Japan,JPN,1953,1978.5918
Japan,JPN,1954,2008.9454
Japan,JPN,1955,2034.5164
Japan,JPN,1956,2084.9668
Japan,JPN,1957,2108.0427
Japan,JPN,1958,2133.1448
Japan,JPN,1959,2156.2446
Japan,JPN,1960,2172.899
Japan,JPN,1961,2175.3137
Japan,JPN,1962,2152.7
Japan,JPN,1963,2146.3276
Japan,JPN,1964,2153.529
Japan,JPN,1965,2135.1223
Japan,JPN,1966,2142.9473
Japan,JPN,1967,2156.571
Japan,JPN,1968,2160.34
Japan,JPN,1969,2147.0117
Japan,JPN,1970,2137.2173
Japan,JPN,1971,2129.2954
Japan,JPN,1972,2131.6648
Japan,JPN,1973,2117.5442
Japan,JPN,1974,2058.7163
Japan,JPN,1975,2030.2618
Japan,JPN,1976,2057.5
Japan,JPN,1977,2064.0063
Japan,JPN,1978,2067.9878
Japan,JPN,1979,2072.7031
Japan,JPN,1980,2073.9438
Japan,JPN,1981,2068.8276
Japan,JPN,1982,2068.6187
Japan,JPN,1983,2074.86
Japan,JPN,1984,2089.2798
Japan,JPN,1985,2076.7673
Japan,JPN,1986,2078.495
Japan,JPN,1987,2083.9683
Japan,JPN,1988,2080.4377
Japan,JPN,1989,2061.3616
Japan,JPN,1990,2028.4187
Japan,JPN,1991,2010.742
Japan,JPN,1992,1962.1306
Japan,JPN,1993,1926.7769
Japan,JPN,1994,1909.1
Japan,JPN,1995,1911.6
Japan,JPN,1996,1914.8
Japan,JPN,1997,1887.1
Japan,JPN,1998,1866.5
Japan,JPN,1999,1850.9
Japan,JPN,2000,1858.5
Japan,JPN,2001,1843.1
Japan,JPN,2002,1830.6
Japan,JPN,2003,1834.2
Japan,JPN,2004,1841.9
Japan,JPN,2005,1828.2
Japan,JPN,2006,1836.4
Japan,JPN,2007,1826.9
Japan,JPN,2008,1807.7
Japan,JPN,2009,1757.7
Japan,JPN,2010,1779.3
Japan,JPN,2011,1775.3
Japan,JPN,2012,1786.8
Japan,JPN,2013,1766.5
Japan,JPN,2014,1762.1
Japan,JPN,2015,1756.9
Japan,JPN,2016,1747.1
Japan,JPN,2017,1743.7
Japan,JPN,2018,1729
Japan,JPN,2019,1691.0852
Latvia,LVA,1995,1975.9082
Latvia,LVA,1996,1975.8959
Latvia,LVA,1997,1975.9169
Latvia,LVA,1998,1975.9045
Latvia,LVA,1999,1975.9008
Latvia,LVA,2000,1975.7949
Latvia,LVA,2001,1987.1439
Latvia,LVA,2002,1937.8738
Latvia,LVA,2003,1927.734
Latvia,LVA,2004,1878.3942
Latvia,LVA,2005,1905.5121
Latvia,LVA,2006,1906.8286
Latvia,LVA,2007,1878.2091
Latvia,LVA,2008,2002.2491
Latvia,LVA,2009,1952.2241
Latvia,LVA,2010,1935.1354
Latvia,LVA,2011,1951.8978
Latvia,LVA,2012,1934.2838
Latvia,LVA,2013,1927.7461
Latvia,LVA,2014,1938.4757
Latvia,LVA,2015,1901.7413
Latvia,LVA,2016,1902.4856
Latvia,LVA,2017,1886.51
Latvia,LVA,2018,1899.5946
Latvia,LVA,2019,1864.9758
Lithuania,LTU,1995,1729.3558
Lithuania,LTU,1996,1727.0402
Lithuania,LTU,1997,1732.694
Lithuania,LTU,1998,1779.5939
Lithuania,LTU,1999,1726.0139
Lithuania,LTU,2000,1846.2274
Lithuania,LTU,2001,1831.2194
Lithuania,LTU,2002,1802.1711
Lithuania,LTU,2003,1785.8864
Lithuania,LTU,2004,1878.5562
Lithuania,LTU,2005,1878.9719
Lithuania,LTU,2006,1874.2102
Lithuania,LTU,2007,1903.7567
Lithuania,LTU,2008,1933.5715
Lithuania,LTU,2009,1862.9437
Lithuania,LTU,2010,1921.4894
Lithuania,LTU,2011,1896.0465
Lithuania,LTU,2012,1893.8208
Lithuania,LTU,2013,1877.0928
Lithuania,LTU,2014,1868.4878
Lithuania,LTU,2015,1894.8954
Lithuania,LTU,2016,1918.818
Lithuania,LTU,2017,1876.4305
Lithuania,LTU,2018,1884.4995
Lithuania,LTU,2019,1886.0845
Luxembourg,LUX,1970,1845.8337
Luxembourg,LUX,1971,1842.3225
Luxembourg,LUX,1972,1821.7404
Luxembourg,LUX,1973,1792.4796
Luxembourg,LUX,1974,1768.9808
Luxembourg,LUX,1975,1741.3528
Luxembourg,LUX,1976,1757.8203
Luxembourg,LUX,1977,1732.7173
Luxembourg,LUX,1978,1715.1167
Luxembourg,LUX,1979,1698.5068
Luxembourg,LUX,1980,1682.2992
Luxembourg,LUX,1981,1658.0498
Luxembourg,LUX,1982,1640.4098
Luxembourg,LUX,1983,1634.7795
Luxembourg,LUX,1984,1621.1935
Luxembourg,LUX,1985,1634.8555
Luxembourg,LUX,1986,1626.6586
Luxembourg,LUX,1987,1624.8365
Luxembourg,LUX,1988,1644.8745
Luxembourg,LUX,1989,1633.9445
Luxembourg,LUX,1990,1633.9445
Luxembourg,LUX,1991,1616.6395
Luxembourg,LUX,1992,1595.6915
Luxembourg,LUX,1993,1602.0675
Luxembourg,LUX,1994,1581.1195
Luxembourg,LUX,1995,1592.6145
Luxembourg,LUX,1996,1599.5625
Luxembourg,LUX,1997,1598.037
Luxembourg,LUX,1998,1593.3136
Luxembourg,LUX,1999,1591.7571
Luxembourg,LUX,2000,1602.2155
Luxembourg,LUX,2001,1585.72
Luxembourg,LUX,2002,1580.6825
Luxembourg,LUX,2003,1578.9333
Luxembourg,LUX,2004,1577.8783
Luxembourg,LUX,2005,1549.8424
Luxembourg,LUX,2006,1552.2755
Luxembourg,LUX,2007,1566.2959
Luxembourg,LUX,2008,1566.969
Luxembourg,LUX,2009,1516.4703
Luxembourg,LUX,2010,1516.4979
Luxembourg,LUX,2011,1515.0692
Luxembourg,LUX,2012,1508.0867
Luxembourg,LUX,2013,1502.6809
Luxembourg,LUX,2014,1506.1573
Luxembourg,LUX,2015,1513.6758
Luxembourg,LUX,2016,1512.3856
Luxembourg,LUX,2017,1505.6897
Luxembourg,LUX,2018,1505.7133
Luxembourg,LUX,2019,1505.5586
Malaysia,MYS,1970,2229.7559
Malaysia,MYS,1971,2230.705
Malaysia,MYS,1972,2231.552
Malaysia,MYS,1973,2232.3188
Malaysia,MYS,1974,2233.0056
Malaysia,MYS,1975,2233.5935
Malaysia,MYS,1976,2234.5215
Malaysia,MYS,1977,2235.3315
Malaysia,MYS,1978,2236.0312
Malaysia,MYS,1979,2236.6367
Malaysia,MYS,1980,2237.1548
Malaysia,MYS,1981,2237.765
Malaysia,MYS,1982,2237.9917
Malaysia,MYS,1983,2237.7505
Malaysia,MYS,1984,2238.6614
Malaysia,MYS,1985,2238.4636
Malaysia,MYS,1986,2236.7302
Malaysia,MYS,1987,2234.9802
Malaysia,MYS,1988,2234.763
Malaysia,MYS,1989,2238.7236
Malaysia,MYS,1990,2240.6816
Malaysia,MYS,1991,2244.9285
Malaysia,MYS,1992,2248.4297
Malaysia,MYS,1993,2249.3901
Malaysia,MYS,1994,2249.0159
Malaysia,MYS,1995,2248.9043
Malaysia,MYS,1996,2250.0361
Malaysia,MYS,1997,2250.7688
Malaysia,MYS,1998,2249.4648
Malaysia,MYS,1999,2248.5645
Malaysia,MYS,2000,2247.2915
Malaysia,MYS,2001,2247.7478
Malaysia,MYS,2002,2274.4314
Malaysia,MYS,2003,2265.1
Malaysia,MYS,2004,2261.0774
Malaysia,MYS,2005,2308.5122
Malaysia,MYS,2006,2289.9543
Malaysia,MYS,2007,2266.0903
Malaysia,MYS,2008,2239.4177
Malaysia,MYS,2009,2244.5303
Malaysia,MYS,2010,2227.7622
Malaysia,MYS,2011,2225.7998
Malaysia,MYS,2012,2204.287
Malaysia,MYS,2013,2170.1194
Malaysia,MYS,2014,2180.2659
Malaysia,MYS,2015,2169.2876
Malaysia,MYS,2016,2190.468
Malaysia,MYS,2017,2197.058
Malaysia,MYS,2018,2197.058
Malaysia,MYS,2019,2197.058
Malta,MLT,1994,2258.4878
Malta,MLT,1995,2257.2898
Malta,MLT,1996,2250.3857
Malta,MLT,1997,2252.865
Malta,MLT,1998,2277.3828
Malta,MLT,1999,2254.384
Malta,MLT,2000,2251.1816
Malta,MLT,2001,2159.337
Malta,MLT,2002,2216.6877
Malta,MLT,2003,2191.6677
Malta,MLT,2004,2091.1963
Malta,MLT,2005,2157.9136
Malta,MLT,2006,2162.856
Malta,MLT,2007,2153.3037
Malta,MLT,2008,2162.9739
Malta,MLT,2009,2168.4038
Malta,MLT,2010,2110.2021
Malta,MLT,2011,2047.1711
Malta,MLT,2012,2013.1895
Malta,MLT,2013,1988.1226
Malta,MLT,2014,1943.1774
Malta,MLT,2015,1933.2285
Malta,MLT,2016,1985.7622
Malta,MLT,2017,1897.1754
Malta,MLT,2018,1913.2697
Malta,MLT,2019,1915.4167
Mexico,MEX,1950,2274.8445
Mexico,MEX,1951,2274.4216
Mexico,MEX,1952,2273.999
Mexico,MEX,1953,2273.5764
Mexico,MEX,1954,2273.1538
Mexico,MEX,1955,2272.7312
Mexico,MEX,1956,2272.3088
Mexico,MEX,1957,2271.8865
Mexico,MEX,1958,2271.4644
Mexico,MEX,1959,2271.0422
Mexico,MEX,1960,2270.62
Mexico,MEX,1961,2261.5889
Mexico,MEX,1962,2252.5935
Mexico,MEX,1963,2243.634
Mexico,MEX,1964,2234.7102
Mexico,MEX,1965,2225.8218
Mexico,MEX,1966,2216.9688
Mexico,MEX,1967,2208.1511
Mexico,MEX,1968,2199.3684
Mexico,MEX,1969,2190.6206
Mexico,MEX,1970,2181.9075
Mexico,MEX,1971,2180.146
Mexico,MEX,1972,2178.3857
Mexico,MEX,1973,2176.627
Mexico,MEX,1974,2175.115
Mexico,MEX,1975,2173.6042
Mexico,MEX,1976,2172.0945
Mexico,MEX,1977,2170.5857
Mexico,MEX,1978,2169.0781
Mexico,MEX,1979,2167.5715
Mexico,MEX,1980,2166.066
Mexico,MEX,1981,2167.0032
Mexico,MEX,1982,2167.9407
Mexico,MEX,1983,2168.8787
Mexico,MEX,1984,2169.817
Mexico,MEX,1985,2170.7556
Mexico,MEX,1986,2171.6948
Mexico,MEX,1987,2172.6345
Mexico,MEX,1988,2173.5745
Mexico,MEX,1989,2174.5146
Mexico,MEX,1990,2175.5708
Mexico,MEX,1991,2168.1401
Mexico,MEX,1992,2160.7349
Mexico,MEX,1993,2153.3547
Mexico,MEX,1994,2146
Mexico,MEX,1995,2161
Mexico,MEX,1996,2192
Mexico,MEX,1997,2241
Mexico,MEX,1998,2168
Mexico,MEX,1999,2242
Mexico,MEX,2000,2174
Mexico,MEX,2001,2146
Mexico,MEX,2002,2196
Mexico,MEX,2003,2143
Mexico,MEX,2004,2123
Mexico,MEX,2005,2105
Mexico,MEX,2006,2067
Mexico,MEX,2007,2045
Mexico,MEX,2008,2105
Mexico,MEX,2009,1973
Mexico,MEX,2010,2150
Mexico,MEX,2011,2121
Mexico,MEX,2012,2120
Mexico,MEX,2013,2136
Mexico,MEX,2014,2134
Mexico,MEX,2015,2140
Mexico,MEX,2016,2146
Mexico,MEX,2017,2148
Mexico,MEX,2018,2149
Mexico,MEX,2019,2137
Myanmar,MMR,1970,2446.7158
Myanmar,MMR,1971,2446.4272
Myanmar,MMR,1972,2446.1604
Myanmar,MMR,1973,2445.9138
Myanmar,MMR,1974,2445.0476
Myanmar,MMR,1975,2444.198
Myanmar,MMR,1976,2442.7712
Myanmar,MMR,1977,2441.4395
Myanmar,MMR,1978,2440.1946
Myanmar,MMR,1979,2439.0305
Myanmar,MMR,1980,2437.9404
Myanmar,MMR,1981,2436.8157
Myanmar,MMR,1982,2435.7341
Myanmar,MMR,1983,2434.6897
Myanmar,MMR,1984,2435.039
Myanmar,MMR,1985,2435.405
Myanmar,MMR,1986,2436.229
Myanmar,MMR,1987,2437.0496
Myanmar,MMR,1988,2437.8684
Myanmar,MMR,1989,2438.6887
Myanmar,MMR,1990,2439.5107
Myanmar,MMR,1991,2440.864
Myanmar,MMR,1992,2441.476
Myanmar,MMR,1993,2442.0808
Myanmar,MMR,1994,2442.6738
Myanmar,MMR,1995,2443.2498
Myanmar,MMR,1996,2443.6636
Myanmar,MMR,1997,2444.0112
Myanmar,MMR,1998,2444.3064
Myanmar,MMR,1999,2444.5588
Myanmar,MMR,2000,2444.775
Myanmar,MMR,2001,2444.7783
Myanmar,MMR,2002,2444.7878
Myanmar,MMR,2003,2444.793
Myanmar,MMR,2004,2444.7822
Myanmar,MMR,2005,2444.7424
Myanmar,MMR,2006,2444.4126
Myanmar,MMR,2007,2444.0632
Myanmar,MMR,2008,2443.6855
Myanmar,MMR,2009,2443.2664
Myanmar,MMR,2010,2442.7847
Myanmar,MMR,2011,2443.0708
Myanmar,MMR,2012,2443.351
Myanmar,MMR,2013,2443.6084
Myanmar,MMR,2014,2443.8052
Myanmar,MMR,2015,2445.9854
Myanmar,MMR,2016,2445.278
Myanmar,MMR,2017,2447.0576
Myanmar,MMR,2018,2447.0576
Myanmar,MMR,2019,2447.0576
Netherlands,NLD,1870,3274
Netherlands,NLD,1880,3194
Netherlands,NLD,1890,3105
Netherlands,NLD,1900,3037
Netherlands,NLD,1913,2942
Netherlands,NLD,1929,2233
Netherlands,NLD,1938,2281
Netherlands,NLD,1950,1997.1256
Netherlands,NLD,1951,1982.449
Netherlands,NLD,1952,1967.8804
Netherlands,NLD,1953,1953.4187
Netherlands,NLD,1954,1939.0634
Netherlands,NLD,1955,1924.8135
Netherlands,NLD,1956,1910.6685
Netherlands,NLD,1957,1896.6272
Netherlands,NLD,1958,1882.6892
Netherlands,NLD,1959,1868.8536
Netherlands,NLD,1960,1855.1198
Netherlands,NLD,1961,1853.4475
Netherlands,NLD,1962,1851.7766
Netherlands,NLD,1963,1850.1073
Netherlands,NLD,1964,1848.4396
Netherlands,NLD,1965,1846.7732
Netherlands,NLD,1966,1845.1084
Netherlands,NLD,1967,1843.4452
Netherlands,NLD,1968,1841.7833
Netherlands,NLD,1970,1838.4642
Netherlands,NLD,1971,1804.9253
Netherlands,NLD,1972,1803.1753
Netherlands,NLD,1973,1776.7283
Netherlands,NLD,1974,1723.1632
Netherlands,NLD,1975,1669.9843
Netherlands,NLD,1976,1654.0852
Netherlands,NLD,1977,1633.8273
Netherlands,NLD,1978,1605.2372
Netherlands,NLD,1979,1583.7712
Netherlands,NLD,1980,1580.8383
Netherlands,NLD,1981,1580.3132
Netherlands,NLD,1982,1565.7872
Netherlands,NLD,1983,1550.8422
Netherlands,NLD,1984,1542.7102
Netherlands,NLD,1985,1526.2343
Netherlands,NLD,1986,1511.2732
Netherlands,NLD,1987,1489.9781
Netherlands,NLD,1988,1486.7662
Netherlands,NLD,1989,1482.0112
Netherlands,NLD,1990,1476.1852
Netherlands,NLD,1991,1467.0712
Netherlands,NLD,1992,1473.4852
Netherlands,NLD,1993,1463.1522
Netherlands,NLD,1994,1470.7961
Netherlands,NLD,1995,1481.5582
Netherlands,NLD,1996,1496.4504
Netherlands,NLD,1997,1481.9673
Netherlands,NLD,1998,1478.7218
Netherlands,NLD,1999,1477.1741
Netherlands,NLD,2000,1464.0614
Netherlands,NLD,2001,1454.0769
Netherlands,NLD,2002,1436.3766
Netherlands,NLD,2003,1427.8278
Netherlands,NLD,2004,1447.8953
Netherlands,NLD,2005,1433.6118
Netherlands,NLD,2006,1430.4471
Netherlands,NLD,2007,1429.172
Netherlands,NLD,2008,1428.5663
Netherlands,NLD,2009,1420.0471
Netherlands,NLD,2010,1419.6334
Netherlands,NLD,2011,1420.1803
Netherlands,NLD,2012,1410.5098
Netherlands,NLD,2013,1414.699
Netherlands,NLD,2014,1425.5953
Netherlands,NLD,2015,1425.8136
Netherlands,NLD,2016,1437.3094
Netherlands,NLD,2017,1436.7656
Netherlands,NLD,2018,1436.4033
Netherlands,NLD,2019,1439.7316
New Zealand,NZL,1970,1866.5929
New Zealand,NZL,1971,1863.3785
New Zealand,NZL,1972,1848.9143
New Zealand,NZL,1973,1846.6041
New Zealand,NZL,1974,1855.0415
New Zealand,NZL,1975,1839.2715
New Zealand,NZL,1976,1836.0573
New Zealand,NZL,1977,1841.4813
New Zealand,NZL,1978,1832.6421
New Zealand,NZL,1979,1823.401
New Zealand,NZL,1980,1812.5527
New Zealand,NZL,1981,1794.4724
New Zealand,NZL,1982,1801.805
New Zealand,NZL,1983,1855.4434
New Zealand,NZL,1984,1848.9143
New Zealand,NZL,1985,1842.8876
New Zealand,NZL,1986,1836.5594
New Zealand,NZL,1987,1840.9364
New Zealand,NZL,1988,1832.2943
New Zealand,NZL,1989,1819.4994
New Zealand,NZL,1990,1808.2944
New Zealand,NZL,1991,1795.9989
New Zealand,NZL,1992,1804.7196
New Zealand,NZL,1993,1857.0074
New Zealand,NZL,1994,1851.4657
New Zealand,NZL,1995,1845.4526
New Zealand,NZL,1996,1838.873
New Zealand,NZL,1997,1823.3864
New Zealand,NZL,1998,1824.1101
New Zealand,NZL,1999,1840.1752
New Zealand,NZL,2000,1836.3623
New Zealand,NZL,2001,1820.9353
New Zealand,NZL,2002,1820.7598
New Zealand,NZL,2003,1818.1693
New Zealand,NZL,2004,1832.7631
New Zealand,NZL,2005,1812.7422
New Zealand,NZL,2006,1796.3708
New Zealand,NZL,2007,1777.8048
New Zealand,NZL,2008,1759.5819
New Zealand,NZL,2009,1741.7538
New Zealand,NZL,2010,1759.7902
New Zealand,NZL,2011,1746.3176
New Zealand,NZL,2012,1739.5579
New Zealand,NZL,2013,1756.7349
New Zealand,NZL,2014,1756.5542
New Zealand,NZL,2015,1750.8633
New Zealand,NZL,2016,1764.1296
New Zealand,NZL,2017,1752.575
New Zealand,NZL,2018,1769.085
New Zealand,NZL,2019,1778.9844
Norway,NOR,1950,2129.1875
Norway,NOR,1951,2118.4055
Norway,NOR,1952,2107.6782
Norway,NOR,1953,2097.0051
Norway,NOR,1954,2086.3862
Norway,NOR,1955,2075.821
Norway,NOR,1956,2065.3093
Norway,NOR,1957,2054.8508
Norway,NOR,1958,2044.4453
Norway,NOR,1959,2034.0925
Norway,NOR,1960,2023.7922
Norway,NOR,1961,2009.4088
Norway,NOR,1962,1995.1277
Norway,NOR,1963,1986.1271
Norway,NOR,1964,1996.1278
Norway,NOR,1965,1951.1249
Norway,NOR,1966,1952.1249
Norway,NOR,1967,1936.1239
Norway,NOR,1968,1897.1215
Norway,NOR,1969,1849.1183
Norway,NOR,1970,1835.1174
Norway,NOR,1971,1814.1161
Norway,NOR,1972,1781.114
Norway,NOR,1973,1767.113
Norway,NOR,1974,1745.1117
Norway,NOR,1975,1728.1106
Norway,NOR,1976,1674.4705
Norway,NOR,1977,1638.2864
Norway,NOR,1978,1601.8124
Norway,NOR,1979,1579.9159
Norway,NOR,1980,1580.0822
Norway,NOR,1981,1570.1976
Norway,NOR,1982,1558.7639
Norway,NOR,1983,1552.7919
Norway,NOR,1984,1548.3871
Norway,NOR,1985,1542.4227
Norway,NOR,1986,1538.4615
Norway,NOR,1987,1510.9353
Norway,NOR,1988,1513.3364
Norway,NOR,1989,1510.5973
Norway,NOR,1990,1502.4296
Norway,NOR,1991,1500.4907
Norway,NOR,1992,1510.3245
Norway,NOR,1993,1506.5886
Norway,NOR,1994,1504.5739
Norway,NOR,1995,1487.7358
Norway,NOR,1996,1482.2007
Norway,NOR,1997,1477.5382
Norway,NOR,1998,1475.7112
Norway,NOR,1999,1474.8483
Norway,NOR,2000,1456.4656
Norway,NOR,2001,1423.9829
Norway,NOR,2002,1406.8015
Norway,NOR,2003,1389.4231
Norway,NOR,2004,1404.9695
Norway,NOR,2005,1406.3848
Norway,NOR,2006,1399.6655
Norway,NOR,2007,1405.2314
Norway,NOR,2008,1406.7863
Norway,NOR,2009,1387.0841
Norway,NOR,2010,1395.3671
Norway,NOR,2011,1400.1548
Norway,NOR,2012,1396.2837
Norway,NOR,2013,1386.7217
Norway,NOR,2014,1389.3838
Norway,NOR,2015,1391.9468
Norway,NOR,2016,1394.4751
Norway,NOR,2017,1380.779
Norway,NOR,2018,1382.5215
Norway,NOR,2019,1384.0732
Pakistan,PAK,1970,2241.6816
Pakistan,PAK,1971,2239.4163
Pakistan,PAK,1972,2241.001
Pakistan,PAK,1973,2239.3914
Pakistan,PAK,1974,2237.6174
Pakistan,PAK,1975,2234.9885
Pakistan,PAK,1976,2230.0996
Pakistan,PAK,1977,2225.8164
Pakistan,PAK,1978,2222.1624
Pakistan,PAK,1979,2218.0256
Pakistan,PAK,1980,2220.1873
Pakistan,PAK,1981,2174.689
Pakistan,PAK,1982,2178.4531
Pakistan,PAK,1983,2186.1406
Pakistan,PAK,1984,2189.9128
Pakistan,PAK,1985,2206.7747
Pakistan,PAK,1986,2203.4758
Pakistan,PAK,1987,2188.149
Pakistan,PAK,1988,2202.2605
Pakistan,PAK,1989,2203.7883
Pakistan,PAK,1990,2205.6318
Pakistan,PAK,1991,2205.4634
Pakistan,PAK,1992,2191.6572
Pakistan,PAK,1993,2194.6763
Pakistan,PAK,1994,2191.8723
Pakistan,PAK,1995,2208.6287
Pakistan,PAK,1996,2206.7068
Pakistan,PAK,1997,2199.7478
Pakistan,PAK,1998,2177.5776
Pakistan,PAK,1999,2179.1953
Pakistan,PAK,2000,2186.4368
Pakistan,PAK,2001,2178.3562
Pakistan,PAK,2002,2169.9292
Pakistan,PAK,2003,2183.7307
Pakistan,PAK,2004,2176.87
Pakistan,PAK,2005,2164.001
Pakistan,PAK,2006,2131.4966
Pakistan,PAK,2007,2135.8044
Pakistan,PAK,2008,2128.708
Pakistan,PAK,2009,2109.1353
Pakistan,PAK,2010,2127.9233
Pakistan,PAK,2011,2114.8743
Pakistan,PAK,2012,2101.5022
Pakistan,PAK,2013,2088.753
Pakistan,PAK,2014,2058.524
Pakistan,PAK,2015,2026.9777
Pakistan,PAK,2016,1997.1259
Pakistan,PAK,2017,1966.9072
Pakistan,PAK,2018,1966.9072
Pakistan,PAK,2019,1966.9072
Peru,PER,1950,2508.684
Peru,PER,1951,2496.5845
Peru,PER,1952,2484.5435
Peru,PER,1953,2472.5603
Peru,PER,1954,2460.6353
Peru,PER,1955,2448.7673
Peru,PER,1956,2436.9568
Peru,PER,1957,2425.2034
Peru,PER,1958,2413.5063
Peru,PER,1959,2401.866
Peru,PER,1960,2390.2817
Peru,PER,1961,2378.7532
Peru,PER,1962,2367.2805
Peru,PER,1963,2355.863
Peru,PER,1964,2344.5005
Peru,PER,1965,2333.1929
Peru,PER,1966,2321.9397
Peru,PER,1967,2310.741
Peru,PER,1968,2299.5962
Peru,PER,1969,2288.5051
Peru,PER,1970,2277.4675
Peru,PER,1971,2266.4832
Peru,PER,1972,2255.552
Peru,PER,1973,2244.6733
Peru,PER,1974,2237.431
Peru,PER,1975,2230.2117
Peru,PER,1976,2223.0159
Peru,PER,1977,2215.8433
Peru,PER,1978,2208.6938
Peru,PER,1979,2201.5674
Peru,PER,1980,2194.464
Peru,PER,1981,2187.3835
Peru,PER,1982,2180.326
Peru,PER,1983,2173.291
Peru,PER,1984,2166.2788
Peru,PER,1985,2159.2893
Peru,PER,1986,2152.3223
Peru,PER,1987,2145.378
Peru,PER,1988,2138.4558
Peru,PER,1989,2131.556
Peru,PER,1990,2124.6785
Peru,PER,1991,2120.4773
Peru,PER,1992,2126.3252
Peru,PER,1993,2119.6294
Peru,PER,1994,2117.724
Peru,PER,1995,2117.3442
Peru,PER,1996,2112.009
Peru,PER,1997,2111.4958
Peru,PER,1998,2104.9927
Peru,PER,1999,2101.3552
Peru,PER,2000,2101.2346
Peru,PER,2001,2100.585
Peru,PER,2002,2098.308
Peru,PER,2003,2100.9211
Peru,PER,2004,2099.5396
Peru,PER,2005,2100.5693
Peru,PER,2006,2100.7646
Peru,PER,2007,2116.9822
Peru,PER,2008,2123.133
Peru,PER,2009,2123.4043
Peru,PER,2010,2132.4568
Peru,PER,2011,2132.8752
Peru,PER,2012,2134.4731
Peru,PER,2013,2137.3582
Peru,PER,2014,2134.6074
Peru,PER,2015,2133.8416
Peru,PER,2016,2139.4219
Peru,PER,2017,2139.6018
Peru,PER,2018,2139.6018
Peru,PER,2019,2139.6018
Philippines,PHL,1970,2112.9458
Philippines,PHL,1971,2115.5515
Philippines,PHL,1972,2117.7957
Philippines,PHL,1973,2107.332
Philippines,PHL,1974,2117.8
Philippines,PHL,1975,2121.595
Philippines,PHL,1976,2123.8083
Philippines,PHL,1977,2159.9517
Philippines,PHL,1978,2135.3418
Philippines,PHL,1979,2134.4644
Philippines,PHL,1980,2133.5127
Philippines,PHL,1981,2134.4258
Philippines,PHL,1982,2130.364
Philippines,PHL,1983,2140.7236
Philippines,PHL,1984,2171.5496
Philippines,PHL,1985,2172.6763
Philippines,PHL,1986,2170.5095
Philippines,PHL,1987,2179.3064
Philippines,PHL,1988,2187.5867
Philippines,PHL,1989,2197.496
Philippines,PHL,1990,2191.8508
Philippines,PHL,1991,2176.2502
Philippines,PHL,1992,2176.111
Philippines,PHL,1993,2136.0938
Philippines,PHL,1994,2149.9868
Philippines,PHL,1995,2130.2139
Philippines,PHL,1996,2094.3843
Philippines,PHL,1997,2146.5935
Philippines,PHL,1998,2105.0266
Philippines,PHL,1999,2115.5798
Philippines,PHL,2000,2160.4536
Philippines,PHL,2001,2067.63
Philippines,PHL,2002,2061.2559
Philippines,PHL,2003,2077.3525
Philippines,PHL,2004,2084.008
Philippines,PHL,2005,2103.0906
Philippines,PHL,2006,2077.1858
Philippines,PHL,2007,2092.1143
Philippines,PHL,2008,2112.779
Philippines,PHL,2009,2117.4182
Philippines,PHL,2010,2124.38
Philippines,PHL,2011,2127.2083
Philippines,PHL,2012,2131.9248
Philippines,PHL,2013,2140.265
Philippines,PHL,2014,2142.9832
Philippines,PHL,2015,2149.714
Philippines,PHL,2016,2159.475
Philippines,PHL,2017,2168.2964
Philippines,PHL,2018,2168.2964
Philippines,PHL,2019,2168.2964
Poland,POL,1995,2081.8984
Poland,POL,1996,2082.0464
Poland,POL,1997,2081.8523
Poland,POL,1998,2081.7954
Poland,POL,1999,2115.1575
Poland,POL,2000,2081.6973
Poland,POL,2001,2083.691
Poland,POL,2002,2078.475
Poland,POL,2003,2084.172
Poland,POL,2004,2084.5327
Poland,POL,2005,2079.0483
Poland,POL,2006,2080.5796
Poland,POL,2007,2077.6145
Poland,POL,2008,2069.6
Poland,POL,2009,2054
Poland,POL,2010,2048.8
Poland,POL,2011,2043.6
Poland,POL,2012,2038.4
Poland,POL,2013,2034.7546
Poland,POL,2014,2041.3219
Poland,POL,2015,2049.009
Poland,POL,2016,2051.4792
Poland,POL,2017,2029.3583
Poland,POL,2018,2002.1515
Poland,POL,2019,2022.6322
Portugal,PRT,1950,2404.8994
Portugal,PRT,1951,2389.6191
Portugal,PRT,1952,2374.436
Portugal,PRT,1953,2359.3494
Portugal,PRT,1954,2344.3586
Portugal,PRT,1955,2329.463
Portugal,PRT,1956,2314.662
Portugal,PRT,1957,2299.955
Portugal,PRT,1958,2285.3418
Portugal,PRT,1959,2270.821
Portugal,PRT,1960,2256.3928
Portugal,PRT,1961,2243.9658
Portugal,PRT,1962,2231.6072
Portugal,PRT,1963,2219.3164
Portugal,PRT,1964,2207.0935
Portugal,PRT,1965,2194.938
Portugal,PRT,1966,2182.8494
Portugal,PRT,1967,2170.8274
Portugal,PRT,1968,2158.8716
Portugal,PRT,1969,2146.9817
Portugal,PRT,1970,2102.0688
Portugal,PRT,1971,2101.8264
Portugal,PRT,1972,2101.4292
Portugal,PRT,1973,2100.073
Portugal,PRT,1974,2109.89
Portugal,PRT,1975,2110.0254
Portugal,PRT,1976,2105.6685
Portugal,PRT,1977,2106.602
Portugal,PRT,1978,2091.967
Portugal,PRT,1979,2076.9585
Portugal,PRT,1980,2058.1628
Portugal,PRT,1981,2040.8198
Portugal,PRT,1982,2020.7288
Portugal,PRT,1983,2002.732
Portugal,PRT,1984,1985.7291
Portugal,PRT,1985,1971.3138
Portugal,PRT,1986,1958.9088
Portugal,PRT,1987,1974.2623
Portugal,PRT,1988,1954.378
Portugal,PRT,1989,1982.8489
Portugal,PRT,1990,1972.38
Portugal,PRT,1991,1893.1431
Portugal,PRT,1992,1876.2561
Portugal,PRT,1993,1863.662
Portugal,PRT,1994,1859.3296
Portugal,PRT,1995,1897.7178
Portugal,PRT,1996,1898.7712
Portugal,PRT,1997,1893.7205
Portugal,PRT,1998,1909.1866
Portugal,PRT,1999,1910.9542
Portugal,PRT,2000,1920.5614
Portugal,PRT,2001,1903.9318
Portugal,PRT,2002,1896.9854
Portugal,PRT,2003,1889.9554
Portugal,PRT,2004,1896.0876
Portugal,PRT,2005,1898.144
Portugal,PRT,2006,1886.3387
Portugal,PRT,2007,1903.4843
Portugal,PRT,2008,1890.3618
Portugal,PRT,2009,1890.7941
Portugal,PRT,2010,1893.6356
Portugal,PRT,2011,1870.6033
Portugal,PRT,2012,1853.0902
Portugal,PRT,2013,1863.2164
Portugal,PRT,2014,1870.8342
Portugal,PRT,2015,1878.6017
Portugal,PRT,2016,1884.8296
Portugal,PRT,2017,1873.6191
Portugal,PRT,2018,1867.852
Portugal,PRT,2019,1864.5884
Romania,ROU,1995,1822.6454
Romania,ROU,1996,1861.4635
Romania,ROU,1997,1860.5239
Romania,ROU,1998,1859.1493
Romania,ROU,1999,1850.0447
Romania,ROU,2000,1852.999
Romania,ROU,2001,1852.4805
Romania,ROU,2002,1867.1761
Romania,ROU,2003,1837.0599
Romania,ROU,2004,1886.5806
Romania,ROU,2005,1876.9961
Romania,ROU,2006,1836.0746
Romania,ROU,2007,1839.9408
Romania,ROU,2008,1835.2521
Romania,ROU,2009,1815.4971
Romania,ROU,2010,1840.669
Romania,ROU,2011,1849.2693
Romania,ROU,2012,1811.5428
Romania,ROU,2013,1806.4569
Romania,ROU,2014,1792.5336
Romania,ROU,2015,1785.6711
Romania,ROU,2016,1809.0284
Romania,ROU,2017,1785.7968
Romania,ROU,2018,1787.7664
Romania,ROU,2019,1791.7355
Russia,RUS,1992,1933
Russia,RUS,1993,1939
Russia,RUS,1994,1895
Russia,RUS,1995,1891
Russia,RUS,1996,1894
Russia,RUS,1997,1951
Russia,RUS,1998,1946
Russia,RUS,1999,1964
Russia,RUS,2000,1982
Russia,RUS,2001,1980
Russia,RUS,2002,1982
Russia,RUS,2003,1993
Russia,RUS,2004,1993
Russia,RUS,2005,1989
Russia,RUS,2006,1998
Russia,RUS,2007,1999
Russia,RUS,2008,1997
Russia,RUS,2009,1974
Russia,RUS,2010,1976
Russia,RUS,2011,1979
Russia,RUS,2012,1982
Russia,RUS,2013,1980
Russia,RUS,2014,1985
Russia,RUS,2015,1978
Russia,RUS,2016,1974
Russia,RUS,2017,1979
Russia,RUS,2018,1970
Russia,RUS,2019,1965
Singapore,SGP,1960,2400.3904
Singapore,SGP,1961,2395.051
Singapore,SGP,1962,2389.7234
Singapore,SGP,1963,2384.4077
Singapore,SGP,1964,2379.104
Singapore,SGP,1965,2373.8118
Singapore,SGP,1966,2368.5315
Singapore,SGP,1967,2363.263
Singapore,SGP,1968,2358.006
Singapore,SGP,1969,2352.761
Singapore,SGP,1970,2347.5276
Singapore,SGP,1971,2347.4712
Singapore,SGP,1972,2347.384
Singapore,SGP,1973,2347.3052
Singapore,SGP,1974,2347.2998
Singapore,SGP,1975,2326.0078
Singapore,SGP,1976,2352.1516
Singapore,SGP,1977,2297.761
Singapore,SGP,1978,2297.0076
Singapore,SGP,1979,2272.6187
Singapore,SGP,1980,2281.1914
Singapore,SGP,1981,2308.313
Singapore,SGP,1982,2314.7854
Singapore,SGP,1983,2320.068
Singapore,SGP,1984,2329.5845
Singapore,SGP,1985,2288.495
Singapore,SGP,1986,2322.7869
Singapore,SGP,1987,2353.9058
Singapore,SGP,1988,2367.778
Singapore,SGP,1989,2427.1814
Singapore,SGP,1990,2431.6875
Singapore,SGP,1991,2451.9624
Singapore,SGP,1992,2455.6333
Singapore,SGP,1993,2482.596
Singapore,SGP,1994,2498.54
Singapore,SGP,1995,2512.1887
Singapore,SGP,1996,2533.2266
Singapore,SGP,1997,2547.5059
Singapore,SGP,1998,2535.0984
Singapore,SGP,1999,2556.5112
Singapore,SGP,2000,2574.2783
Singapore,SGP,2001,2553.5078
Singapore,SGP,2002,2545.0193
Singapore,SGP,2003,2550.024
Singapore,SGP,2004,2515.5842
Singapore,SGP,2005,2515.7249
Singapore,SGP,2006,2507.1008
Singapore,SGP,2007,2484.9014
Singapore,SGP,2008,2477.469
Singapore,SGP,2009,2440.5144
Singapore,SGP,2010,2476.2314
Singapore,SGP,2011,2433.7263
Singapore,SGP,2012,2441.2637
Singapore,SGP,2013,2430.6667
Singapore,SGP,2014,2390.9858
Singapore,SGP,2015,2362.4236
Singapore,SGP,2016,2351.1113
Singapore,SGP,2017,2333.3447
Singapore,SGP,2018,2306.0088
Singapore,SGP,2019,2330.1658
Slovakia,SVK,1990,1827.6455
Slovakia,SVK,1991,1827.7343
Slovakia,SVK,1992,1827.675
Slovakia,SVK,1993,1827.8033
Slovakia,SVK,1994,1827.4283
Slovakia,SVK,1995,1853.0483
Slovakia,SVK,1996,1819.6322
Slovakia,SVK,1997,1829.9979
Slovakia,SVK,1998,1821.8607
Slovakia,SVK,1999,1816.2406
Slovakia,SVK,2000,1815.6061
Slovakia,SVK,2001,1800.7356
Slovakia,SVK,2002,1754.074
Slovakia,SVK,2003,1697.5651
Slovakia,SVK,2004,1741.9944
Slovakia,SVK,2005,1769.4879
Slovakia,SVK,2006,1774.454
Slovakia,SVK,2007,1791.201
Slovakia,SVK,2008,1793.3569
Slovakia,SVK,2009,1780.3383
Slovakia,SVK,2010,1805.1501
Slovakia,SVK,2011,1793.0128
Slovakia,SVK,2012,1789.0425
Slovakia,SVK,2013,1771.6141
Slovakia,SVK,2014,1759.6132
Slovakia,SVK,2015,1754.0863
Slovakia,SVK,2016,1740.0107
Slovakia,SVK,2017,1713.781
Slovakia,SVK,2018,1703.9254
Slovakia,SVK,2019,1694.9402
Slovenia,SVN,1995,1755.705
Slovenia,SVN,1996,1727.5955
Slovenia,SVN,1997,1715.1057
Slovenia,SVN,1998,1728.2947
Slovenia,SVN,1999,1730.0756
Slovenia,SVN,2000,1710.0728
Slovenia,SVN,2001,1695.8553
Slovenia,SVN,2002,1720.4906
Slovenia,SVN,2003,1723.7886
Slovenia,SVN,2004,1736.5251
Slovenia,SVN,2005,1696.5479
Slovenia,SVN,2006,1667.4188
Slovenia,SVN,2007,1654.9103
Slovenia,SVN,2008,1673.4811
Slovenia,SVN,2009,1678.9883
Slovenia,SVN,2010,1680.3325
Slovenia,SVN,2011,1663.3593
Slovenia,SVN,2012,1644.3524
Slovenia,SVN,2013,1662.2393
Slovenia,SVN,2014,1681.75
Slovenia,SVN,2015,1687.3127
Slovenia,SVN,2016,1652.3846
Slovenia,SVN,2017,1621.4988
Slovenia,SVN,2018,1598.7039
Slovenia,SVN,2019,1592.934
South Africa,ZAF,2001,2376.3381
South Africa,ZAF,2002,2382.7659
South Africa,ZAF,2003,2318.6794
South Africa,ZAF,2004,2342.2734
South Africa,ZAF,2005,2399.4282
South Africa,ZAF,2006,2315.748
South Africa,ZAF,2007,2322.1228
South Africa,ZAF,2008,2284.2344
South Africa,ZAF,2009,2249.3083
South Africa,ZAF,2010,2235.743
South Africa,ZAF,2011,2254.5857
South Africa,ZAF,2012,2224.1082
South Africa,ZAF,2013,2211.9863
South Africa,ZAF,2014,2209.0916
South Africa,ZAF,2016,2218.455
South Africa,ZAF,2017,2197.0332
South Africa,ZAF,2018,2191.3633
South Africa,ZAF,2019,2191.3633
South Korea,KOR,1953,2484.4868
South Korea,KOR,1954,2520.6353
South Korea,KOR,1955,2557.3096
South Korea,KOR,1956,2594.5176
South Korea,KOR,1957,2632.2668
South Korea,KOR,1958,2670.5654
South Korea,KOR,1959,2709.4214
South Korea,KOR,1960,2748.8425
South Korea,KOR,1961,2788.8372
South Korea,KOR,1962,2829.4138
South Korea,KOR,1963,2870.5808
South Korea,KOR,1964,2779.931
South Korea,KOR,1965,2900.7974
South Korea,KOR,1966,2882.6675
South Korea,KOR,1967,2918.9275
South Korea,KOR,1968,2973.3174
South Korea,KOR,1969,3039.794
South Korea,KOR,1970,2918.9275
South Korea,KOR,1971,2913.0852
South Korea,KOR,1972,2907.2305
South Korea,KOR,1973,2901.4478
South Korea,KOR,1974,2895.6477
South Korea,KOR,1975,2889.8525
South Korea,KOR,1976,2884.0376
South Korea,KOR,1977,2878.3147
South Korea,KOR,1978,2872.5322
South Korea,KOR,1979,2866.8564
South Korea,KOR,1980,2860.942
South Korea,KOR,1981,2876.925
South Korea,KOR,1982,2889.9111
South Korea,KOR,1983,2907.8918
South Korea,KOR,1984,2903.896
South Korea,KOR,1985,2878.9229
South Korea,KOR,1986,2907.8918
South Korea,KOR,1987,2876.925
South Korea,KOR,1988,2830.974
South Korea,KOR,1989,2728.084
South Korea,KOR,1990,2674.1416
South Korea,KOR,1991,2658.1587
South Korea,KOR,1992,2636.1824
South Korea,KOR,1993,2653.164
South Korea,KOR,1994,2637.1812
South Korea,KOR,1995,2645.1726
South Korea,KOR,1996,2634.1843
South Korea,KOR,1997,2579.2432
South Korea,KOR,1998,2485.3435
South Korea,KOR,1999,2492.336
South Korea,KOR,2000,2509.3179
South Korea,KOR,2001,2496.3318
South Korea,KOR,2002,2461.3691
South Korea,KOR,2003,2421.4119
South Korea,KOR,2004,2389.446
South Korea,KOR,2005,2348.4897
South Korea,KOR,2006,2343.495
South Korea,KOR,2007,2303.5378
South Korea,KOR,2008,2216.6306
South Korea,KOR,2009,2167.4614
South Korea,KOR,2010,2153.4133
South Korea,KOR,2011,2126.3198
South Korea,KOR,2012,2110.2646
South Korea,KOR,2013,2100.2302
South Korea,KOR,2014,2070.3123
South Korea,KOR,2015,2077.2932
South Korea,KOR,2016,2062.3342
South Korea,KOR,2017,2012.4713
South Korea,KOR,2018,1987.5397
South Korea,KOR,2019,1979.5262
Spain,ESP,1870,2968
Spain,ESP,1880,2876
Spain,ESP,1890,2787
Spain,ESP,1900,2710
Spain,ESP,1913,2601
Spain,ESP,1929,2342
Spain,ESP,1938,2030
Spain,ESP,1950,2209.257
Spain,ESP,1951,2205.0786
Spain,ESP,1952,2201.016
Spain,ESP,1953,2197.0557
Spain,ESP,1954,2214.114
Spain,ESP,1955,2196.0244
Spain,ESP,1956,2179.8887
Spain,ESP,1957,2164.8123
Spain,ESP,1958,2150.18
Spain,ESP,1959,2139.6284
Spain,ESP,1960,2130.374
Spain,ESP,1961,2112.1174
Spain,ESP,1962,2094.913
Spain,ESP,1963,2077.9846
Spain,ESP,1964,2032.2559
Spain,ESP,1965,2024.5305
Spain,ESP,1966,2025.9194
Spain,ESP,1967,2034.7692
Spain,ESP,1968,1997.013
Spain,ESP,1969,1988.7646
Spain,ESP,1970,1996.7205
Spain,ESP,1971,1996.8364
Spain,ESP,1972,1992.6925
Spain,ESP,1973,1980.8545
Spain,ESP,1974,1987.0275
Spain,ESP,1975,1996.8555
Spain,ESP,1976,2006.9664
Spain,ESP,1977,2000.7765
Spain,ESP,1978,1973.5525
Spain,ESP,1979,1929.8564
Spain,ESP,1980,1918.1224
Spain,ESP,1981,1884.0204
Spain,ESP,1982,1862.9254
Spain,ESP,1983,1830.7574
Spain,ESP,1984,1786.6924
Spain,ESP,1985,1776.7004
Spain,ESP,1986,1768.6674
Spain,ESP,1987,1760.6494
Spain,ESP,1988,1756.5784
Spain,ESP,1989,1744.5604
Spain,ESP,1990,1746.5284
Spain,ESP,1991,1755.5294
Spain,ESP,1992,1747.5654
Spain,ESP,1993,1739.5524
Spain,ESP,1994,1738.5074
Spain,ESP,1995,1738.7964
Spain,ESP,1996,1740.3392
Spain,ESP,1997,1742.6367
Spain,ESP,1998,1751.1058
Spain,ESP,1999,1756.2737
Spain,ESP,2000,1752.8208
Spain,ESP,2001,1762.0698
Spain,ESP,2002,1763.6475
Spain,ESP,2003,1754.6332
Spain,ESP,2004,1739.9012
Spain,ESP,2005,1723.7191
Spain,ESP,2006,1713.7406
Spain,ESP,2007,1701.3077
Spain,ESP,2008,1710.1262
Spain,ESP,2009,1715.8046
Spain,ESP,2010,1705.7755
Spain,ESP,2011,1710.6917
Spain,ESP,2012,1696.7266
Spain,ESP,2013,1689.8245
Spain,ESP,2014,1690.564
Spain,ESP,2015,1694.2372
Spain,ESP,2016,1701.4501
Spain,ESP,2017,1689.4762
Spain,ESP,2018,1695.501
Spain,ESP,2019,1685.9515
Sri Lanka,LKA,1970,1895.5146
Sri Lanka,LKA,1971,1895.1642
Sri Lanka,LKA,1972,1894.9242
Sri Lanka,LKA,1973,1894.8062
Sri Lanka,LKA,1974,1894.7361
Sri Lanka,LKA,1975,1894.6537
Sri Lanka,LKA,1976,1894.2008
Sri Lanka,LKA,1977,1949.3335
Sri Lanka,LKA,1978,1953.1152
Sri Lanka,LKA,1979,1956.9513
Sri Lanka,LKA,1980,1960.8511
Sri Lanka,LKA,1981,1968.4738
Sri Lanka,LKA,1982,1972.9618
Sri Lanka,LKA,1983,1986.3512
Sri Lanka,LKA,1984,1966.2671
Sri Lanka,LKA,1985,1893.4132
Sri Lanka,LKA,1986,1956.422
Sri Lanka,LKA,1987,1962.9956
Sri Lanka,LKA,1988,1969.5181
Sri Lanka,LKA,1989,1976.1238
Sri Lanka,LKA,1990,1982.9016
Sri Lanka,LKA,1991,1998.1084
Sri Lanka,LKA,1992,2001.6265
Sri Lanka,LKA,1993,2017.4285
Sri Lanka,LKA,1994,1961.7678
Sri Lanka,LKA,1995,1943.4846
Sri Lanka,LKA,1996,1936.9487
Sri Lanka,LKA,1997,1894.8599
Sri Lanka,LKA,1998,1910.4878
Sri Lanka,LKA,1999,1932.7937
Sri Lanka,LKA,2000,2000.7396
Sri Lanka,LKA,2001,1975.6603
Sri Lanka,LKA,2002,1812.2015
Sri Lanka,LKA,2003,1733.8713
Sri Lanka,LKA,2004,1856.2976
Sri Lanka,LKA,2005,1887.6926
Sri Lanka,LKA,2006,1835.4296
Sri Lanka,LKA,2007,1861.298
Sri Lanka,LKA,2008,1823.991
Sri Lanka,LKA,2009,1810.6287
Sri Lanka,LKA,2010,1872.336
Sri Lanka,LKA,2011,1993.6793
Sri Lanka,LKA,2012,2052.9534
Sri Lanka,LKA,2013,1896.6604
Sri Lanka,LKA,2014,1926.3551
Sri Lanka,LKA,2015,1924.0125
Sri Lanka,LKA,2016,1922.449
Sri Lanka,LKA,2017,1922.5132
Sri Lanka,LKA,2018,1922.5132
Sri Lanka,LKA,2019,1922.5132
Sweden,SWE,1870,3436
Sweden,SWE,1880,3187
Sweden,SWE,1890,2937
Sweden,SWE,1900,2745
Sweden,SWE,1913,2745
Sweden,SWE,1929,2152
Sweden,SWE,1938,2131
Sweden,SWE,1950,2005.2626
Sweden,SWE,1951,1995.465
Sweden,SWE,1952,1995.465
Sweden,SWE,1953,1975.8695
Sweden,SWE,1954,1986.7559
Sweden,SWE,1955,1975.8695
Sweden,SWE,1956,1950.8309
Sweden,SWE,1957,1950.8309
Sweden,SWE,1958,1919.2606
Sweden,SWE,1959,1893.1334
Sweden,SWE,1960,1888.7788
Sweden,SWE,1961,1890.956
Sweden,SWE,1962,1878.9812
Sweden,SWE,1963,1872.4493
Sweden,SWE,1964,1841.9677
Sweden,SWE,1965,1831.0813
Sweden,SWE,1966,1816.9291
Sweden,SWE,1967,1786.4473
Sweden,SWE,1968,1742.902
Sweden,SWE,1969,1720.0406
Sweden,SWE,1970,1703.7112
Sweden,SWE,1971,1672.1832
Sweden,SWE,1972,1633.2871
Sweden,SWE,1973,1617.4052
Sweden,SWE,1974,1599.0721
Sweden,SWE,1975,1575.3861
Sweden,SWE,1976,1588.1461
Sweden,SWE,1977,1557.8522
Sweden,SWE,1978,1520.7782
Sweden,SWE,1979,1511.5731
Sweden,SWE,1980,1514.6051
Sweden,SWE,1981,1506.2222
Sweden,SWE,1982,1520.3322
Sweden,SWE,1983,1529.6162
Sweden,SWE,1984,1531.7902
Sweden,SWE,1985,1535.8221
Sweden,SWE,1986,1533.8431
Sweden,SWE,1987,1543.9462
Sweden,SWE,1988,1563.4882
Sweden,SWE,1989,1562.3412
Sweden,SWE,1990,1558.6711
Sweden,SWE,1991,1545.4252
Sweden,SWE,1992,1563.0082
Sweden,SWE,1993,1594.6812
Sweden,SWE,1994,1633.4432
Sweden,SWE,1995,1638.931
Sweden,SWE,1996,1651.4807
Sweden,SWE,1997,1656.3065
Sweden,SWE,1998,1655.1837
Sweden,SWE,1999,1664.7767
Sweden,SWE,2000,1643.4385
Sweden,SWE,2001,1620.1521
Sweden,SWE,2002,1597.025
Sweden,SWE,2003,1583.2998
Sweden,SWE,2004,1606.8491
Sweden,SWE,2005,1605.5138
Sweden,SWE,2006,1603.9514
Sweden,SWE,2007,1616.8903
Sweden,SWE,2008,1627.1318
Sweden,SWE,2009,1613.0963
Sweden,SWE,2010,1640.5142
Sweden,SWE,2011,1640.9915
Sweden,SWE,2012,1627.2946
Sweden,SWE,2013,1617.9559
Sweden,SWE,2014,1619.4305
Sweden,SWE,2015,1620.9257
Sweden,SWE,2016,1634.1693
Sweden,SWE,2017,1621.4727
Sweden,SWE,2018,1620.7349
Sweden,SWE,2019,1605.2766
Switzerland,CHE,1870,3195
Switzerland,CHE,1880,3083
Switzerland,CHE,1890,2925
Switzerland,CHE,1900,2834
Switzerland,CHE,1913,2704
Switzerland,CHE,1929,2281
Switzerland,CHE,1938,2085
Switzerland,CHE,1950,2039.9952
Switzerland,CHE,1951,2032.3508
Switzerland,CHE,1952,2024.7351
Switzerland,CHE,1953,2017.148
Switzerland,CHE,1954,2009.5891
Switzerland,CHE,1955,2002.0587
Switzerland,CHE,1956,1994.5564
Switzerland,CHE,1957,1987.0823
Switzerland,CHE,1958,1979.6362
Switzerland,CHE,1959,1972.218
Switzerland,CHE,1960,1964.8275
Switzerland,CHE,1961,1967.6351
Switzerland,CHE,1962,1970.4468
Switzerland,CHE,1963,1973.2623
Switzerland,CHE,1964,1976.082
Switzerland,CHE,1965,1978.9056
Switzerland,CHE,1966,1981.7334
Switzerland,CHE,1967,1984.5652
Switzerland,CHE,1968,1987.401
Switzerland,CHE,1969,1990.2408
Switzerland,CHE,1970,1993.0847
Switzerland,CHE,1971,1982.7787
Switzerland,CHE,1972,1958.4653
Switzerland,CHE,1973,1931.6665
Switzerland,CHE,1974,1902.8224
Switzerland,CHE,1975,1894.04
Switzerland,CHE,1976,1890.9156
Switzerland,CHE,1977,1863.4858
Switzerland,CHE,1978,1849.0386
Switzerland,CHE,1979,1836.3763
Switzerland,CHE,1980,1821.8396
Switzerland,CHE,1981,1802.5231
Switzerland,CHE,1982,1791.4211
Switzerland,CHE,1983,1776.668
Switzerland,CHE,1984,1757.5706
Switzerland,CHE,1985,1751.3289
Switzerland,CHE,1986,1742.7521
Switzerland,CHE,1987,1741.4824
Switzerland,CHE,1988,1740.955
Switzerland,CHE,1989,1725.7891
Switzerland,CHE,1990,1716.2208
Switzerland,CHE,1991,1713.7753
Switzerland,CHE,1992,1723.1902
Switzerland,CHE,1993,1719.4904
Switzerland,CHE,1994,1741.3113
Switzerland,CHE,1995,1720.2662
Switzerland,CHE,1996,1696.872
Switzerland,CHE,1997,1687.4536
Switzerland,CHE,1998,1695.5344
Switzerland,CHE,1999,1717.401
Switzerland,CHE,2000,1712.743
Switzerland,CHE,2001,1672.8507
Switzerland,CHE,2002,1651.2583
Switzerland,CHE,2003,1664.5405
Switzerland,CHE,2004,1694.9532
Switzerland,CHE,2005,1689.9702
Switzerland,CHE,2006,1679.2384
Switzerland,CHE,2007,1668.87
Switzerland,CHE,2008,1659.459
Switzerland,CHE,2009,1650.7788
Switzerland,CHE,2010,1624.3464
Switzerland,CHE,2011,1619.3169
Switzerland,CHE,2012,1603.2313
Switzerland,CHE,2013,1582.8923
Switzerland,CHE,2014,1575.3215
Switzerland,CHE,2015,1589.4751
Switzerland,CHE,2016,1590.2267
Switzerland,CHE,2017,1569.5309
Switzerland,CHE,2018,1561.1827
Switzerland,CHE,2019,1556.8828
Taiwan,TWN,1951,2356.4001
Taiwan,TWN,1952,2353.4768
Taiwan,TWN,1953,2350.5574
Taiwan,TWN,1954,2347.6414
Taiwan,TWN,1955,2344.729
Taiwan,TWN,1956,2341.8203
Taiwan,TWN,1957,2338.915
Taiwan,TWN,1958,2336.0137
Taiwan,TWN,1959,2333.1157
Taiwan,TWN,1960,2330.2214
Taiwan,TWN,1961,2327.3306
Taiwan,TWN,1962,2324.4436
Taiwan,TWN,1963,2321.56
Taiwan,TWN,1964,2318.68
Taiwan,TWN,1965,2315.8035
Taiwan,TWN,1966,2312.9307
Taiwan,TWN,1967,2310.0613
Taiwan,TWN,1968,2307.1956
Taiwan,TWN,1969,2304.3335
Taiwan,TWN,1970,2301.4749
Taiwan,TWN,1971,2305.1072
Taiwan,TWN,1972,2307.1074
Taiwan,TWN,1973,2305.336
Taiwan,TWN,1974,2307.025
Taiwan,TWN,1975,2308.48
Taiwan,TWN,1976,2307.9958
Taiwan,TWN,1977,2306.3406
Taiwan,TWN,1978,2303.0276
Taiwan,TWN,1979,2336.6174
Taiwan,TWN,1980,2313.9087
Taiwan,TWN,1981,2310.124
Taiwan,TWN,1982,2269.4377
Taiwan,TWN,1983,2254.772
Taiwan,TWN,1984,2254.2988
Taiwan,TWN,1985,2244.3638
Taiwan,TWN,1986,2242.9446
Taiwan,TWN,1987,2276.5342
Taiwan,TWN,1988,2250.5142
Taiwan,TWN,1989,2231.5903
Taiwan,TWN,1990,2230.644
Taiwan,TWN,1991,2217.8704
Taiwan,TWN,1992,2220.2358
Taiwan,TWN,1993,2240.579
Taiwan,TWN,1994,2184.754
Taiwan,TWN,1995,2224.494
Taiwan,TWN,1996,2198.0005
Taiwan,TWN,1997,2141.229
Taiwan,TWN,1998,2192.3232
Taiwan,TWN,1999,2190.431
Taiwan,TWN,2000,2180.4958
Taiwan,TWN,2001,2125.617
Taiwan,TWN,2002,2111.8972
Taiwan,TWN,2003,2117.101
Taiwan,TWN,2004,2135.552
Taiwan,TWN,2005,2127.5093
Taiwan,TWN,2006,2134.6057
Taiwan,TWN,2007,2129.8748
Taiwan,TWN,2008,2073.5764
Taiwan,TWN,2009,2054.1794
Taiwan,TWN,2010,2062.6953
Taiwan,TWN,2011,2052.7603
Taiwan,TWN,2012,2066.9531
Taiwan,TWN,2013,2062.2222
Taiwan,TWN,2015,2152.2898
Taiwan,TWN,2016,2123.7583
Taiwan,TWN,2017,2092.538
Taiwan,TWN,2018,2090.0706
Taiwan,TWN,2019,2085.1353
Thailand,THA,1970,2455.394
Thailand,THA,1971,2455.3594
Thailand,THA,1972,2352.2505
Thailand,THA,1973,2471.673
Thailand,THA,1974,2489.017
Thailand,THA,1975,2461.7449
Thailand,THA,1976,2457.4932
Thailand,THA,1977,2453.686
Thailand,THA,1978,2528.9993
Thailand,THA,1979,2619.8765
Thailand,THA,1980,2710.0938
Thailand,THA,1981,2632.8503
Thailand,THA,1982,2348.6577
Thailand,THA,1983,2682.0732
Thailand,THA,1984,2700.7273
Thailand,THA,1985,2672.275
Thailand,THA,1986,2671.416
Thailand,THA,1987,2625.6653
Thailand,THA,1988,2648.564
Thailand,THA,1989,2715.4182
Thailand,THA,1990,2579.7546
Thailand,THA,1991,2627.6155
Thailand,THA,1992,2643.7078
Thailand,THA,1993,2564.5964
Thailand,THA,1994,2614.2803
Thailand,THA,1995,2609.0884
Thailand,THA,1996,2555.235
Thailand,THA,1997,2485.231
Thailand,THA,1998,2533.8186
Thailand,THA,1999,2498.4678
Thailand,THA,2000,2502.6597
Thailand,THA,2001,2404.5066
Thailand,THA,2002,2393.9397
Thailand,THA,2003,2383.6968
Thailand,THA,2004,2389.0012
Thailand,THA,2005,2337.9426
Thailand,THA,2006,2325.6519
Thailand,THA,2007,2329.801
Thailand,THA,2008,2342.092
Thailand,THA,2009,2354.112
Thailand,THA,2010,2349.3564
Thailand,THA,2011,2357.5464
Thailand,THA,2012,2312.43
Thailand,THA,2013,2273.494
Thailand,THA,2014,2247.321
Thailand,THA,2015,2186.461
Thailand,THA,2016,2207.7039
Thailand,THA,2017,2092.99
Thailand,THA,2018,2092.99
Thailand,THA,2019,2092.99
Trinidad and Tobago,TTO,1991,1585.06
Trinidad and Tobago,TTO,1992,1564.7506
Trinidad and Tobago,TTO,1993,1580.2424
Trinidad and Tobago,TTO,1994,1591.5376
Trinidad and Tobago,TTO,1995,1602.2916
Trinidad and Tobago,TTO,1996,1618.5393
Trinidad and Tobago,TTO,1997,1627.1366
Trinidad and Tobago,TTO,1998,1630.5153
Trinidad and Tobago,TTO,1999,1636.525
Trinidad and Tobago,TTO,2000,1663.8954
Trinidad and Tobago,TTO,2001,1668.0447
Trinidad and Tobago,TTO,2002,1634.8004
Turkey,TUR,1970,2086
Turkey,TUR,1971,2077
Turkey,TUR,1972,2069
Turkey,TUR,1973,2060
Turkey,TUR,1974,2044
Turkey,TUR,1975,2028
Turkey,TUR,1976,2012
Turkey,TUR,1977,1996
Turkey,TUR,1978,1980
Turkey,TUR,1979,1964
Turkey,TUR,1980,1957
Turkey,TUR,1981,1950
Turkey,TUR,1982,1943
Turkey,TUR,1983,1935
Turkey,TUR,1984,1871
Turkey,TUR,1985,1898
Turkey,TUR,1986,1883
Turkey,TUR,1987,1844
Turkey,TUR,1988,1837
Turkey,TUR,1989,1867
Turkey,TUR,1990,1866
Turkey,TUR,1991,1870
Turkey,TUR,1992,1897
Turkey,TUR,1993,1917
Turkey,TUR,1994,1886
Turkey,TUR,1995,1876
Turkey,TUR,1996,1892
Turkey,TUR,1997,1878
Turkey,TUR,1998,1884
Turkey,TUR,1999,1925
Turkey,TUR,2000,1937
Turkey,TUR,2001,1942
Turkey,TUR,2002,1943
Turkey,TUR,2003,1943
Turkey,TUR,2004,1918
Turkey,TUR,2005,1936
Turkey,TUR,2006,1944
Turkey,TUR,2007,1911
Turkey,TUR,2008,1900
Turkey,TUR,2009,1881
Turkey,TUR,2010,1877
Turkey,TUR,2011,1864
Turkey,TUR,2012,1855
Turkey,TUR,2013,1832
Turkey,TUR,2014,1832
Turkey,TUR,2015,1832
Turkey,TUR,2016,1832
Turkey,TUR,2017,1832
Turkey,TUR,2018,1832
Turkey,TUR,2019,1832
United Kingdom,GBR,1870,2755
United Kingdom,GBR,1880,2740
United Kingdom,GBR,1890,2669
United Kingdom,GBR,1900,2656
United Kingdom,GBR,1913,2656
United Kingdom,GBR,1929,2257
United Kingdom,GBR,1938,2200
United Kingdom,GBR,1950,2183.9436
United Kingdom,GBR,1951,2192.6638
United Kingdom,GBR,1952,2160.8586
United Kingdom,GBR,1953,2164.7798
United Kingdom,GBR,1954,2168.931
United Kingdom,GBR,1955,2167.363
United Kingdom,GBR,1956,2153.7795
United Kingdom,GBR,1957,2132.2522
United Kingdom,GBR,1958,2102.4534
United Kingdom,GBR,1959,2112.238
United Kingdom,GBR,1960,2103.5837
United Kingdom,GBR,1961,2066.811
United Kingdom,GBR,1962,2029.0448
United Kingdom,GBR,1963,2020.5967
United Kingdom,GBR,1964,2020.8336
United Kingdom,GBR,1965,1997.568
United Kingdom,GBR,1966,1941.6097
United Kingdom,GBR,1967,1929.5275
United Kingdom,GBR,1968,1922.2015
United Kingdom,GBR,1969,1912.6047
United Kingdom,GBR,1970,1870.8944
United Kingdom,GBR,1971,1830.1425
United Kingdom,GBR,1972,1851.3665
United Kingdom,GBR,1973,1860.2523
United Kingdom,GBR,1974,1845.297
United Kingdom,GBR,1975,1814.0796
United Kingdom,GBR,1976,1807.0242
United Kingdom,GBR,1977,1816.9293
United Kingdom,GBR,1978,1818.0375
United Kingdom,GBR,1979,1815.493
United Kingdom,GBR,1980,1785.3964
United Kingdom,GBR,1981,1749.12
United Kingdom,GBR,1982,1745.4192
United Kingdom,GBR,1983,1739.5485
United Kingdom,GBR,1984,1745.7526
United Kingdom,GBR,1985,1748.0818
United Kingdom,GBR,1986,1742.7368
United Kingdom,GBR,1987,1747.5668
United Kingdom,GBR,1988,1754.7257
United Kingdom,GBR,1989,1758.5569
United Kingdom,GBR,1990,1745.9441
United Kingdom,GBR,1991,1720.5466
United Kingdom,GBR,1992,1714.3304
United Kingdom,GBR,1993,1710.316
United Kingdom,GBR,1994,1720.5905
United Kingdom,GBR,1995,1722.6252
United Kingdom,GBR,1996,1722.0925
United Kingdom,GBR,1997,1721.1954
United Kingdom,GBR,1998,1716.9994
United Kingdom,GBR,1999,1708.6104
United Kingdom,GBR,2000,1692.954
United Kingdom,GBR,2001,1695.9764
United Kingdom,GBR,2002,1678.5614
United Kingdom,GBR,2003,1669.3804
United Kingdom,GBR,2004,1666.7157
United Kingdom,GBR,2005,1669.7372
United Kingdom,GBR,2006,1663.9857
United Kingdom,GBR,2007,1665.8214
United Kingdom,GBR,2008,1660.4688
United Kingdom,GBR,2009,1638.3318
United Kingdom,GBR,2010,1643.2079
United Kingdom,GBR,2011,1639.8158
United Kingdom,GBR,2012,1655.019
United Kingdom,GBR,2013,1665.9749
United Kingdom,GBR,2014,1672.4341
United Kingdom,GBR,2015,1669.4652
United Kingdom,GBR,2016,1667.6989
United Kingdom,GBR,2017,1668.9491
United Kingdom,GBR,2018,1663.1888
United Kingdom,GBR,2019,1667.9478
United States,USA,1870,3096
United States,USA,1880,3044
United States,USA,1890,2983
United States,USA,1900,2938
United States,USA,1913,2900
United States,USA,1929,2316
United States,USA,1938,1756
United States,USA,1950,1990.1449
United States,USA,1951,2031.6351
United States,USA,1952,2027.8126
United States,USA,1953,2021.4503
United States,USA,1954,1998.1273
United States,USA,1955,2005.5841
United States,USA,1956,1990.4587
United States,USA,1957,1962.6049
United States,USA,1958,1928.4613
United States,USA,1959,1953.8413
United States,USA,1960,1935.2631
United States,USA,1961,1920.7145
United States,USA,1962,1940.2341
United States,USA,1963,1928.4489
United States,USA,1964,1935.1488
United States,USA,1965,1955.0966
United States,USA,1966,1963.9077
United States,USA,1967,1941.0928
United States,USA,1968,1937.4176
United States,USA,1969,1938.0999
United States,USA,1970,1893.4236
United States,USA,1971,1877.6512
United States,USA,1972,1874.2224
United States,USA,1973,1872.6632
United States,USA,1974,1844.7812
United States,USA,1975,1813.248
United States,USA,1976,1809.2971
United States,USA,1977,1809.3767
United States,USA,1978,1815.7156
United States,USA,1979,1817.7139
United States,USA,1980,1801.6115
United States,USA,1981,1790.0056
United States,USA,1982,1770.6661
United States,USA,1983,1779.8716
United States,USA,1984,1795.5767
United States,USA,1985,1801.1373
United States,USA,1986,1780.8394
United States,USA,1987,1788.5175
United States,USA,1988,1798.2715
United States,USA,1989,1810.2931
United States,USA,1990,1795.5679
United States,USA,1991,1787.3378
United States,USA,1992,1774.8828
United States,USA,1993,1789.9547
United States,USA,1994,1807.8274
United States,USA,1995,1817.4744
United States,USA,1996,1823.5205
United States,USA,1997,1828.4883
United States,USA,1998,1839.1962
United States,USA,1999,1841.3335
United States,USA,2000,1844.854
United States,USA,2001,1823.6593
United States,USA,2002,1806.6908
United States,USA,2003,1790.8417
United States,USA,2004,1789.5275
United States,USA,2005,1787.0139
United States,USA,2006,1787.3512
United States,USA,2007,1785.8835
United States,USA,2008,1765.7664
United States,USA,2009,1728.6077
United States,USA,2010,1735.0112
United States,USA,2011,1744.9083
United States,USA,2012,1746.8585
United States,USA,2013,1752.5328
United States,USA,2014,1758.2686
United States,USA,2015,1770.0232
United States,USA,2016,1766.7441
United States,USA,2017,1763.7267
United States,USA,2018,1774.7039
United States,USA,2019,1765.3464
Uruguay,URY,1990,1788
Uruguay,URY,1991,1781.501
Uruguay,URY,1992,1775.0256
Uruguay,URY,1993,1768.5737
Uruguay,URY,1994,1762.1454
Uruguay,URY,1995,1755.7404
Uruguay,URY,1996,1749.3585
Uruguay,URY,1997,1743
Uruguay,URY,1998,1736.6646
Uruguay,URY,1999,1722
Uruguay,URY,2000,1704.0769
Uruguay,URY,2001,1672.7721
Uruguay,URY,2002,1635.8788
Uruguay,URY,2003,1612.8038
Uruguay,URY,2004,1638.4481
Uruguay,URY,2005,1628.0012
Uruguay,URY,2006,1622.7958
Uruguay,URY,2007,1608.5977
Uruguay,URY,2008,1623.3337
Uruguay,URY,2009,1603.9224
Uruguay,URY,2010,1597.6067
Uruguay,URY,2011,1592.4203
Uruguay,URY,2012,1578.6353
Uruguay,URY,2013,1571.7993
Uruguay,URY,2014,1567.3374
Uruguay,URY,2015,1556.4283
Uruguay,URY,2016,1532.5138
Uruguay,URY,2017,1532.5138
Uruguay,URY,2018,1532.5138
Uruguay,URY,2019,1532.5138
Venezuela,VEN,1950,2179
Venezuela,VEN,1951,2162.9802
Venezuela,VEN,1952,2147.0784
Venezuela,VEN,1953,2131.2932
Venezuela,VEN,1954,2115.6243
Venezuela,VEN,1955,2100.0706
Venezuela,VEN,1956,2084.631
Venezuela,VEN,1957,2069.3052
Venezuela,VEN,1958,2054.0918
Venezuela,VEN,1959,2038.9904
Venezuela,VEN,1960,2024
Venezuela,VEN,1961,2016.5787
Venezuela,VEN,1962,2009.1847
Venezuela,VEN,1963,2001.8177
Venezuela,VEN,1964,1994.4778
Venezuela,VEN,1965,1987.1648
Venezuela,VEN,1966,1979.8787
Venezuela,VEN,1967,1972.6191
Venezuela,VEN,1968,1965.3862
Venezuela,VEN,1969,1958.1799
Venezuela,VEN,1970,1951
Venezuela,VEN,1971,1955.6555
Venezuela,VEN,1972,1960.3223
Venezuela,VEN,1973,1965
Venezuela,VEN,1974,1969.5398
Venezuela,VEN,1975,1974.0902
Venezuela,VEN,1976,1978.651
Venezuela,VEN,1977,1983.2224
Venezuela,VEN,1978,1987.8043
Venezuela,VEN,1979,1992.3969
Venezuela,VEN,1980,1997
Venezuela,VEN,1981,1985.9822
Venezuela,VEN,1982,1975.0251
Venezuela,VEN,1983,1964.1285
Venezuela,VEN,1984,1953.2921
Venezuela,VEN,1985,1942.5154
Venezuela,VEN,1986,1931.7982
Venezuela,VEN,1987,1921.1401
Venezuela,VEN,1988,1910.5408
Venezuela,VEN,1989,1900
Venezuela,VEN,1990,1889
Venezuela,VEN,1991,1878.4707
Venezuela,VEN,1992,1868
Venezuela,VEN,1993,1888.8833
Venezuela,VEN,1994,1910
Venezuela,VEN,1995,1915.2285
Venezuela,VEN,1996,1920.4713
Venezuela,VEN,1997,1925.7284
Venezuela,VEN,1998,1931
Venezuela,VEN,1999,1886.8966
Venezuela,VEN,2000,1898.5117
Venezuela,VEN,2001,1869.4724
Venezuela,VEN,2002,1829.0203
Venezuela,VEN,2003,1801.2109
Venezuela,VEN,2004,1896.695
Venezuela,VEN,2005,1922.8501
Venezuela,VEN,2006,1903.8516
Vietnam,VNM,1983,2416.744
Vietnam,VNM,1984,2394.3894
Vietnam,VNM,1985,2379.148
Vietnam,VNM,1986,2370.5808
Vietnam,VNM,1987,2361.2148
Vietnam,VNM,1988,2357.016
Vietnam,VNM,1989,2355.167
Vietnam,VNM,1990,2349.8042
Vietnam,VNM,1991,2346.6719
Vietnam,VNM,1992,2344.2402
Vietnam,VNM,1993,2342.713
Vietnam,VNM,1994,2339.7915
Vietnam,VNM,1995,2336.0488
Vietnam,VNM,1996,2331.6208
Vietnam,VNM,1997,2317.493
Vietnam,VNM,1998,2362.4004
Vietnam,VNM,1999,2362.1482
Vietnam,VNM,2000,2393.6567
Vietnam,VNM,2001,2246.975
Vietnam,VNM,2002,2230.7422
Vietnam,VNM,2003,2254.9006
Vietnam,VNM,2004,2206.9907
Vietnam,VNM,2005,2191.6868
Vietnam,VNM,2006,2239.6477
Vietnam,VNM,2007,2241.1814
Vietnam,VNM,2008,2336.6921
Vietnam,VNM,2009,2405.3694
Vietnam,VNM,2010,2299.9985
Vietnam,VNM,2011,2331.3015
Vietnam,VNM,2012,2310.5212
Vietnam,VNM,2013,2267.4873
Vietnam,VNM,2014,2150.6382
Vietnam,VNM,2015,2191.3704
Vietnam,VNM,2016,2169.5515
Vietnam,VNM,2017,2131.9683
Vietnam,VNM,2018,2131.9683
Vietnam,VNM,2019,2131.9683